user_id,signup_date_key,gender,age_group,subscription_type,geo_id
1,20250515,F,25-34,Free,7
2,20251225,F,25-34,Premium,42
3,20241222,F,18-24,Free,50
4,20240906,M,35-44,Free,41
5,20250119,M,Under 18,Premium,9
6,20240428,F,35-44,Free,30
7,20240322,F,35-44,Free,33
8,20250113,M,35-44,Free,24
9,20250825,M,25-34,Premium,28
10,20250124,F,45-54,Free,46
11,20250724,F,35-44,Premium,51
12,20240509,M,18-24,Free,19
13,20241124,M,18-24,Free,20
14,20250323,F,35-44,Free,13
15,20240910,M,18-24,Free,25
16,20240111,F,18-24,Free,33
17,20240223,M,18-24,Free,43
18,20251108,F,18-24,Free,17
19,20250317,M,25-34,Free,13
20,20240712,M,35-44,Premium,2
21,20240707,Other,18-24,Premium,6
22,20240129,F,35-44,Free,4
23,20251120,Unknown,18-24,Free,13
24,20240320,M,25-34,Free,42
25,20250708,F,18-24,Free,47
26,20240624,Other,45-54,Free,59
27,20240902,F,55-64,Free,33
28,20240718,M,25-34,Free,28
29,20250824,F,Under 18,Free,54
30,20240124,F,18-24,Premium,9
31,20240914,Unknown,18-24,Free,38
32,20240722,M,45-54,Free,50
33,20240718,M,18-24,Free,31
34,20240520,M,65+,Premium,16
35,20251028,F,35-44,Free,38
36,20241003,Unknown,25-34,Free,60
37,20241101,M,45-54,Premium,15
38,20241008,F,Under 18,Free,34
39,20251216,Other,45-54,Free,4
40,20240904,M,18-24,Free,14
41,20240906,M,45-54,Premium,47
42,20240827,F,25-34,Premium,30
43,20240826,F,18-24,Premium,12
44,20240306,M,45-54,Free,21
45,20250317,F,Under 18,Free,8
46,20240119,F,18-24,Free,47
47,20240613,Other,45-54,Premium,57
48,20240527,F,25-34,Premium,7
49,20240731,F,55-64,Premium,15
50,20250706,F,35-44,Free,52
51,20250313,M,35-44,Premium,53
52,20251224,F,18-24,Premium,47
53,20240913,M,18-24,Premium,43
54,20251108,F,65+,Premium,52
55,20240202,M,18-24,Free,23
56,20250103,F,25-34,Free,54
57,20250806,M,18-24,Free,54
58,20250123,M,18-24,Free,14
59,20251112,M,35-44,Premium,5
60,20240817,F,45-54,Premium,32
61,20240125,F,45-54,Premium,46
62,20250718,M,45-54,Free,51
63,20240219,F,18-24,Free,9
64,20250712,F,25-34,Free,23
65,20250619,M,Under 18,Premium,47
66,20250908,F,35-44,Premium,4
67,20241215,M,25-34,Premium,44
68,20251015,M,25-34,Free,18
69,20240503,F,18-24,Free,2
70,20241113,M,45-54,Premium,15
71,20240329,F,45-54,Free,45
72,20250713,Other,45-54,Premium,53
73,20250605,F,Under 18,Free,5
74,20250811,F,65+,Free,28
75,20250711,F,18-24,Free,13
76,20240813,Unknown,25-34,Premium,42
77,20240219,M,18-24,Free,47
78,20251109,M,18-24,Premium,58
79,20241225,F,25-34,Premium,22
80,20240309,M,18-24,Free,18
81,20251107,M,25-34,Premium,19
82,20251226,M,35-44,Premium,46
83,20241121,F,45-54,Free,27
84,20250716,M,35-44,Premium,2
85,20240127,M,35-44,Free,57
86,20240309,M,18-24,Free,7
87,20240720,M,45-54,Free,56
88,20250424,F,Under 18,Premium,10
89,20240407,M,18-24,Free,33
90,20240125,F,18-24,Free,19
91,20250503,F,35-44,Premium,42
92,20250716,M,25-34,Free,25
93,20250623,F,35-44,Premium,23
94,20250806,F,25-34,Premium,29
95,20250809,F,25-34,Free,59
96,20250315,M,25-34,Free,15
97,20250114,M,Under 18,Premium,14
98,20250917,Unknown,25-34,Free,4
99,20240911,F,35-44,Free,45
100,20240312,Other,25-34,Premium,41
101,20250702,Other,18-24,Premium,37
102,20240720,M,35-44,Premium,2
103,20251215,F,25-34,Free,48
104,20241029,F,Under 18,Premium,49
105,20250913,F,18-24,Premium,57
106,20240131,M,25-34,Premium,56
107,20250426,M,25-34,Premium,16
108,20241123,F,35-44,Premium,43
109,20241203,F,18-24,Free,25
110,20240712,F,45-54,Free,36
111,20251209,M,18-24,Free,20
112,20241013,M,35-44,Free,40
113,20250912,Unknown,45-54,Free,58
114,20241106,M,25-34,Free,40
115,20240205,M,Under 18,Premium,56
116,20251003,F,25-34,Free,56
117,20240515,M,65+,Free,8
118,20240716,F,65+,Free,58
119,20250920,M,18-24,Free,50
120,20251014,F,35-44,Premium,26
121,20251031,Other,25-34,Free,37
122,20241106,Other,18-24,Free,38
123,20250706,F,35-44,Premium,48
124,20240827,M,25-34,Free,49
125,20250624,F,25-34,Free,7
126,20250101,F,45-54,Premium,1
127,20240207,F,25-34,Free,15
128,20241031,F,35-44,Premium,32
129,20241207,F,25-34,Premium,51
130,20240706,F,Under 18,Premium,40
131,20240930,F,25-34,Free,9
132,20250101,M,55-64,Premium,44
133,20240206,F,25-34,Premium,29
134,20240420,F,18-24,Free,23
135,20250713,M,35-44,Premium,47
136,20240913,F,65+,Free,18
137,20250320,F,55-64,Premium,38
138,20250217,M,25-34,Free,11
139,20250206,F,25-34,Free,23
140,20241028,F,35-44,Free,34
141,20241218,F,45-54,Premium,38
142,20250824,M,45-54,Free,56
143,20251205,F,45-54,Free,18
144,20240706,M,25-34,Free,54
145,20250503,F,18-24,Premium,49
146,20251208,M,25-34,Free,22
147,20240106,F,18-24,Free,9
148,20250726,F,18-24,Premium,16
149,20241228,F,25-34,Free,40
150,20251207,F,35-44,Free,48
151,20250226,F,45-54,Free,37
152,20250903,F,45-54,Premium,44
153,20240501,M,45-54,Premium,7
154,20240413,Unknown,45-54,Free,31
155,20251107,F,35-44,Free,53
156,20250119,Unknown,Under 18,Free,24
157,20250211,Unknown,35-44,Premium,54
158,20240504,Other,18-24,Free,8
159,20240614,F,18-24,Free,59
160,20250820,F,18-24,Premium,48
161,20240809,M,45-54,Free,38
162,20250302,F,35-44,Free,38
163,20240819,F,55-64,Free,57
164,20240711,F,65+,Free,23
165,20240501,F,55-64,Free,10
166,20251109,M,18-24,Premium,56
167,20251117,M,45-54,Free,7
168,20240325,F,45-54,Free,40
169,20240914,M,45-54,Premium,16
170,20250215,M,18-24,Premium,56
171,20241006,M,18-24,Premium,59
172,20250610,F,55-64,Premium,29
173,20240708,F,18-24,Free,32
174,20240212,M,25-34,Free,28
175,20240902,M,25-34,Free,26
176,20250312,F,18-24,Free,57
177,20240511,M,Under 18,Premium,18
178,20250818,F,65+,Premium,58
179,20240109,F,45-54,Free,40
180,20240219,M,55-64,Free,58
181,20250106,F,18-24,Premium,37
182,20250108,M,18-24,Free,50
183,20240803,M,25-34,Free,30
184,20240707,F,25-34,Free,28
185,20240220,F,Under 18,Free,16
186,20250428,F,45-54,Free,13
187,20241003,M,65+,Premium,3
188,20240327,M,25-34,Free,24
189,20241018,F,25-34,Free,60
190,20251115,F,25-34,Premium,57
191,20240709,Unknown,18-24,Free,42
192,20251015,M,18-24,Premium,22
193,20240707,F,25-34,Premium,32
194,20240515,F,25-34,Free,46
195,20240709,F,25-34,Free,1
196,20240823,M,45-54,Premium,56
197,20240329,F,18-24,Premium,53
198,20250304,M,Under 18,Premium,59
199,20240831,F,Under 18,Free,6
200,20250608,F,18-24,Premium,57
201,20241224,Other,25-34,Premium,37
202,20241119,F,45-54,Free,34
203,20241209,F,55-64,Premium,11
204,20240424,F,35-44,Free,30
205,20250604,F,25-34,Free,22
206,20240317,Other,18-24,Premium,60
207,20250610,M,25-34,Free,21
208,20251230,Unknown,25-34,Free,14
209,20250711,F,45-54,Free,57
210,20241128,F,25-34,Premium,12
211,20240817,F,18-24,Free,55
212,20250928,F,18-24,Premium,58
213,20240706,M,18-24,Premium,19
214,20241218,F,55-64,Free,42
215,20250716,M,18-24,Premium,48
216,20251104,M,Under 18,Premium,33
217,20251103,M,18-24,Free,42
218,20240305,M,45-54,Premium,8
219,20251017,M,25-34,Free,31
220,20240324,F,35-44,Free,31
221,20250302,M,25-34,Free,34
222,20251109,F,18-24,Free,57
223,20250423,M,45-54,Free,50
224,20251122,F,18-24,Free,37
225,20240908,F,Under 18,Free,25
226,20240817,M,25-34,Free,25
227,20240826,F,18-24,Free,2
228,20240916,Other,18-24,Premium,34
229,20250513,F,45-54,Free,16
230,20241126,M,25-34,Free,54
231,20250622,F,18-24,Free,47
232,20241030,F,25-34,Free,55
233,20240812,M,35-44,Free,60
234,20240518,F,18-24,Free,25
235,20250206,M,18-24,Free,26
236,20251017,F,35-44,Premium,37
237,20250919,M,35-44,Free,26
238,20240703,M,65+,Free,17
239,20241214,Unknown,25-34,Premium,43
240,20250529,F,18-24,Premium,28
241,20250323,F,25-34,Free,57
242,20240219,Unknown,35-44,Free,14
243,20250307,M,18-24,Free,27
244,20240129,M,25-34,Free,32
245,20240326,M,18-24,Free,55
246,20250422,F,45-54,Free,35
247,20240315,M,45-54,Premium,5
248,20240904,Other,25-34,Premium,21
249,20250305,M,65+,Free,54
250,20250423,M,65+,Free,17
251,20241121,M,18-24,Premium,21
252,20240309,M,25-34,Free,10
253,20250806,M,35-44,Free,44
254,20251124,F,18-24,Free,9
255,20251010,M,25-34,Premium,23
256,20250630,F,18-24,Free,43
257,20241020,F,55-64,Free,54
258,20251001,F,25-34,Free,14
259,20241222,F,45-54,Free,20
260,20240409,M,25-34,Free,8
261,20250912,M,18-24,Premium,27
262,20240821,M,45-54,Free,60
263,20251116,Unknown,Under 18,Premium,19
264,20240925,F,18-24,Premium,16
265,20250926,M,25-34,Free,24
266,20250127,F,35-44,Free,54
267,20241207,F,25-34,Premium,33
268,20240804,F,18-24,Free,37
269,20250902,F,25-34,Free,47
270,20240214,F,18-24,Free,43
271,20241208,F,Under 18,Premium,36
272,20240926,F,25-34,Free,34
273,20250131,M,18-24,Premium,32
274,20240704,M,18-24,Free,11
275,20250430,Unknown,35-44,Free,25
276,20241008,F,35-44,Free,51
277,20240517,M,18-24,Free,3
278,20240523,F,25-34,Free,50
279,20250523,M,18-24,Free,34
280,20240710,F,55-64,Free,21
281,20240812,M,18-24,Free,7
282,20250402,F,18-24,Free,46
283,20240828,F,25-34,Free,1
284,20241010,M,18-24,Free,33
285,20240627,M,18-24,Premium,10
286,20240909,F,18-24,Free,55
287,20250520,M,35-44,Free,11
288,20250124,M,35-44,Free,49
289,20251229,F,35-44,Free,35
290,20250717,M,45-54,Premium,3
291,20240113,M,25-34,Free,44
292,20241003,M,55-64,Free,53
293,20240730,F,35-44,Free,14
294,20250304,M,45-54,Free,59
295,20240712,M,35-44,Premium,48
296,20251206,M,25-34,Premium,45
297,20240806,M,18-24,Free,21
298,20250116,M,25-34,Free,8
299,20240330,M,18-24,Free,26
300,20251026,M,25-34,Free,49
301,20251027,M,Under 18,Free,36
302,20250802,F,Under 18,Free,39
303,20240913,M,55-64,Free,47
304,20240212,M,35-44,Free,21
305,20250603,Other,25-34,Free,3
306,20241109,F,25-34,Premium,54
307,20251223,F,25-34,Premium,37
308,20250524,M,55-64,Free,34
309,20250128,M,35-44,Premium,35
310,20251221,M,35-44,Free,52
311,20250807,M,25-34,Premium,47
312,20241130,M,25-34,Free,41
313,20240114,F,35-44,Premium,47
314,20240308,M,65+,Free,18
315,20241119,F,25-34,Free,43
316,20250214,M,25-34,Premium,59
317,20240123,M,25-34,Free,15
318,20240402,F,25-34,Free,35
319,20250529,F,65+,Premium,41
320,20250702,M,35-44,Premium,32
321,20240122,F,25-34,Premium,59
322,20250105,M,25-34,Premium,25
323,20240229,M,25-34,Premium,14
324,20250612,F,Under 18,Free,9
325,20250831,M,25-34,Free,51
326,20250926,M,45-54,Premium,42
327,20250312,F,35-44,Premium,35
328,20250404,M,18-24,Free,26
329,20251107,M,35-44,Free,25
330,20250323,M,35-44,Premium,57
331,20241121,Unknown,18-24,Free,41
332,20250704,F,35-44,Free,58
333,20250307,M,35-44,Premium,49
334,20250906,M,45-54,Free,47
335,20250118,F,18-24,Free,34
336,20250926,M,18-24,Free,15
337,20240202,F,25-34,Free,40
338,20240127,F,Under 18,Premium,43
339,20240313,M,25-34,Free,32
340,20250210,M,45-54,Free,2
341,20250601,M,18-24,Free,58
342,20240606,M,25-34,Free,50
343,20240423,M,65+,Free,22
344,20250920,F,25-34,Free,30
345,20250701,M,25-34,Free,8
346,20250418,F,25-34,Free,57
347,20241222,F,18-24,Free,14
348,20241102,M,18-24,Free,23
349,20240115,M,35-44,Free,26
350,20240517,M,25-34,Free,16
351,20251016,F,18-24,Free,39
352,20240904,M,Under 18,Free,60
353,20250529,F,45-54,Free,52
354,20250528,F,Under 18,Premium,32
355,20240813,F,35-44,Free,8
356,20240529,Unknown,25-34,Premium,52
357,20250519,F,35-44,Premium,16
358,20240309,F,18-24,Free,55
359,20241227,F,18-24,Free,24
360,20251010,F,25-34,Free,32
361,20250603,F,35-44,Free,27
362,20250711,Other,18-24,Free,28
363,20240301,F,25-34,Free,10
364,20240525,F,25-34,Premium,34
365,20240719,F,18-24,Free,25
366,20240801,F,25-34,Premium,51
367,20240521,M,18-24,Premium,29
368,20251210,F,25-34,Free,58
369,20240430,F,18-24,Premium,18
370,20250531,Unknown,25-34,Premium,20
371,20250304,M,25-34,Free,3
372,20250321,F,25-34,Free,45
373,20240605,F,25-34,Free,5
374,20240812,Other,55-64,Free,18
375,20250318,Other,25-34,Free,55
376,20240806,F,45-54,Free,37
377,20250521,F,18-24,Free,34
378,20240129,M,25-34,Premium,49
379,20240223,Unknown,18-24,Free,47
380,20250615,M,25-34,Free,54
381,20250326,F,35-44,Free,40
382,20240201,F,45-54,Premium,27
383,20251018,M,25-34,Free,8
384,20240104,M,35-44,Free,23
385,20251128,M,18-24,Premium,43
386,20250616,F,Under 18,Free,16
387,20251222,F,45-54,Premium,41
388,20251123,M,18-24,Free,9
389,20240816,F,18-24,Free,4
390,20250706,M,55-64,Premium,22
391,20240602,F,65+,Premium,14
392,20241210,M,35-44,Premium,53
393,20240624,M,25-34,Free,23
394,20241220,M,45-54,Premium,26
395,20250928,F,18-24,Free,25
396,20241114,F,25-34,Premium,20
397,20240308,F,25-34,Premium,56
398,20240824,F,55-64,Free,45
399,20250728,M,55-64,Free,10
400,20250115,M,35-44,Free,13
401,20250212,M,18-24,Free,5
402,20241110,Other,25-34,Free,16
403,20240801,M,18-24,Free,40
404,20250312,Unknown,55-64,Free,57
405,20250407,M,18-24,Free,29
406,20251017,M,18-24,Free,5
407,20250326,M,35-44,Premium,3
408,20251227,M,25-34,Free,25
409,20250826,F,45-54,Free,16
410,20240227,F,18-24,Premium,35
411,20241013,M,45-54,Premium,8
412,20241007,F,Under 18,Free,14
413,20240103,F,Under 18,Free,34
414,20240511,Other,25-34,Free,17
415,20250710,Unknown,18-24,Premium,22
416,20240914,F,35-44,Premium,14
417,20240417,F,Under 18,Premium,4
418,20240728,F,Under 18,Premium,21
419,20240719,F,35-44,Free,20
420,20240507,F,18-24,Free,54
421,20240314,M,35-44,Premium,54
422,20250711,F,35-44,Premium,26
423,20250824,Unknown,18-24,Free,18
424,20241228,M,45-54,Free,26
425,20250325,F,18-24,Free,37
426,20251102,Other,25-34,Premium,24
427,20250907,M,18-24,Free,46
428,20240124,F,45-54,Premium,58
429,20251126,Other,25-34,Free,25
430,20240218,Unknown,25-34,Free,8
431,20240120,M,65+,Premium,8
432,20241021,M,25-34,Free,53
433,20250628,F,55-64,Premium,25
434,20240228,M,35-44,Premium,20
435,20240801,M,55-64,Premium,38
436,20240710,M,55-64,Free,58
437,20241017,M,65+,Premium,26
438,20251220,F,18-24,Free,19
439,20240829,F,45-54,Free,52
440,20240601,F,45-54,Free,5
441,20240330,F,35-44,Free,51
442,20240524,M,18-24,Free,32
443,20240407,M,65+,Free,2
444,20250222,M,18-24,Free,14
445,20241102,M,25-34,Free,41
446,20241229,M,25-34,Free,46
447,20250830,M,18-24,Free,12
448,20250227,M,35-44,Premium,40
449,20240423,M,18-24,Free,60
450,20241002,F,35-44,Free,42
451,20240816,F,45-54,Premium,43
452,20250826,Other,25-34,Premium,12
453,20240812,F,35-44,Premium,39
454,20240411,F,18-24,Premium,43
455,20250621,M,45-54,Premium,7
456,20241108,F,55-64,Free,19
457,20240310,M,18-24,Premium,53
458,20250518,M,35-44,Premium,60
459,20240602,M,25-34,Free,11
460,20250925,M,25-34,Premium,44
461,20250830,M,35-44,Premium,31
462,20240926,F,25-34,Premium,36
463,20250209,F,35-44,Premium,31
464,20250218,F,18-24,Free,53
465,20250422,F,25-34,Free,27
466,20240220,F,45-54,Free,36
467,20240825,M,18-24,Premium,41
468,20240504,F,35-44,Premium,34
469,20250524,F,18-24,Premium,53
470,20240220,M,45-54,Premium,15
471,20250112,M,25-34,Premium,57
472,20250615,Other,25-34,Free,41
473,20251123,F,18-24,Premium,58
474,20240729,F,25-34,Free,23
475,20240106,F,55-64,Free,29
476,20250612,M,25-34,Free,3
477,20240102,F,25-34,Free,56
478,20240218,M,35-44,Free,49
479,20251224,M,25-34,Free,18
480,20250921,F,25-34,Free,4
481,20250531,M,25-34,Premium,42
482,20250901,F,18-24,Free,41
483,20240225,M,35-44,Premium,32
484,20240305,F,45-54,Free,10
485,20240807,F,55-64,Free,56
486,20240118,F,55-64,Free,26
487,20251010,F,25-34,Free,44
488,20240211,Unknown,18-24,Premium,52
489,20250201,F,35-44,Free,33
490,20250915,F,55-64,Premium,6
491,20250620,F,35-44,Free,54
492,20240620,M,25-34,Premium,41
493,20241209,M,35-44,Premium,54
494,20250204,M,45-54,Free,37
495,20250714,M,55-64,Free,55
496,20241107,M,45-54,Free,53
497,20240727,M,25-34,Free,13
498,20250803,F,18-24,Free,11
499,20251009,M,25-34,Free,10
500,20241222,F,25-34,Premium,48
501,20240121,M,55-64,Premium,15
502,20241231,F,25-34,Free,28
503,20251011,M,25-34,Free,48
504,20251223,F,25-34,Free,26
505,20241019,M,35-44,Free,4
506,20240419,F,25-34,Premium,22
507,20250221,M,18-24,Free,6
508,20250829,Unknown,45-54,Free,24
509,20251120,M,25-34,Free,45
510,20240207,F,25-34,Free,32
511,20240731,M,18-24,Free,41
512,20241214,F,25-34,Free,7
513,20240312,F,35-44,Free,46
514,20251009,M,55-64,Free,26
515,20240322,M,18-24,Premium,18
516,20250430,M,65+,Free,40
517,20251101,M,35-44,Premium,9
518,20250515,Unknown,18-24,Free,30
519,20250711,M,18-24,Free,26
520,20240711,M,18-24,Premium,10
521,20250827,Unknown,45-54,Premium,58
522,20241101,M,18-24,Free,22
523,20240214,M,25-34,Free,3
524,20240924,F,35-44,Premium,27
525,20240912,Other,45-54,Premium,58
526,20250115,F,35-44,Free,41
527,20240712,F,35-44,Free,39
528,20241203,Unknown,18-24,Free,55
529,20241108,M,45-54,Free,6
530,20240826,Unknown,18-24,Free,34
531,20250523,F,18-24,Free,20
532,20240811,Other,65+,Premium,41
533,20250713,M,18-24,Free,52
534,20240702,M,18-24,Premium,5
535,20250923,F,35-44,Premium,10
536,20240923,F,25-34,Premium,58
537,20240130,F,18-24,Free,30
538,20240419,Other,35-44,Free,19
539,20250811,F,35-44,Free,10
540,20250928,M,45-54,Free,22
541,20240603,M,18-24,Free,1
542,20250315,M,25-34,Free,14
543,20250223,M,45-54,Free,11
544,20240407,M,18-24,Free,6
545,20241125,F,18-24,Premium,59
546,20250521,F,Under 18,Premium,48
547,20251207,F,25-34,Free,57
548,20250910,M,18-24,Premium,15
549,20240312,F,35-44,Free,18
550,20240622,F,65+,Free,17
551,20241114,F,18-24,Premium,34
552,20240419,F,35-44,Free,11
553,20250220,F,18-24,Free,15
554,20240107,F,Under 18,Free,59
555,20240323,F,35-44,Free,22
556,20240204,F,25-34,Free,47
557,20240803,M,55-64,Free,14
558,20250710,M,25-34,Free,56
559,20240509,M,18-24,Free,42
560,20251221,F,25-34,Free,52
561,20240715,F,18-24,Free,31
562,20240202,F,45-54,Premium,55
563,20240901,M,35-44,Premium,22
564,20250630,M,25-34,Free,29
565,20240318,F,25-34,Premium,4
566,20240222,M,35-44,Free,11
567,20250912,Other,45-54,Free,47
568,20250308,M,18-24,Free,20
569,20240907,F,Under 18,Free,7
570,20250705,F,18-24,Premium,18
571,20250908,F,25-34,Premium,22
572,20240919,M,25-34,Free,44
573,20250213,Other,18-24,Free,6
574,20240108,F,25-34,Free,2
575,20240811,F,25-34,Free,44
576,20250310,F,18-24,Free,9
577,20240523,M,55-64,Premium,26
578,20251224,F,35-44,Premium,41
579,20251209,M,25-34,Premium,31
580,20240707,M,25-34,Free,8
581,20241016,F,25-34,Free,44
582,20240518,F,45-54,Free,3
583,20250102,M,25-34,Premium,14
584,20240331,M,25-34,Free,7
585,20241012,M,55-64,Free,31
586,20250209,M,45-54,Free,42
587,20250322,F,45-54,Premium,39
588,20250311,M,18-24,Premium,9
589,20240610,F,18-24,Premium,21
590,20250801,M,35-44,Free,9
591,20250519,M,25-34,Premium,21
592,20250703,F,35-44,Free,14
593,20241207,M,45-54,Free,45
594,20251013,M,18-24,Free,46
595,20241011,Unknown,18-24,Free,50
596,20250811,Unknown,25-34,Free,13
597,20240528,F,18-24,Premium,1
598,20240629,M,35-44,Free,3
599,20250119,F,35-44,Free,51
600,20250209,Unknown,25-34,Premium,55
601,20250628,Unknown,35-44,Premium,13
602,20240805,M,25-34,Free,53
603,20250929,M,35-44,Free,32
604,20240828,M,18-24,Free,12
605,20250124,M,35-44,Free,19
606,20251111,F,35-44,Premium,16
607,20250128,M,18-24,Free,46
608,20250512,M,25-34,Free,12
609,20251025,M,45-54,Free,11
610,20251212,F,18-24,Free,44
611,20241230,M,35-44,Free,19
612,20241031,M,55-64,Premium,16
613,20240523,M,45-54,Free,49
614,20250127,Unknown,25-34,Premium,56
615,20251101,M,35-44,Free,34
616,20241221,F,65+,Premium,50
617,20240911,M,25-34,Free,51
618,20240319,M,18-24,Free,36
619,20241011,M,Under 18,Free,50
620,20240621,M,45-54,Free,1
621,20251214,M,25-34,Premium,3
622,20250120,F,18-24,Premium,54
623,20240410,F,25-34,Free,9
624,20240219,M,35-44,Free,44
625,20250913,M,25-34,Free,26
626,20251110,F,45-54,Free,48
627,20250710,M,35-44,Premium,40
628,20240331,M,65+,Free,5
629,20240312,M,55-64,Premium,21
630,20240524,M,18-24,Free,43
631,20250702,F,35-44,Premium,56
632,20250712,Unknown,Under 18,Free,49
633,20250903,Unknown,65+,Free,54
634,20240311,Unknown,18-24,Premium,58
635,20240421,M,35-44,Free,54
636,20251019,M,45-54,Free,35
637,20251108,M,18-24,Free,21
638,20250613,M,45-54,Free,31
639,20240318,M,Under 18,Premium,48
640,20240220,M,25-34,Premium,26
641,20240210,F,25-34,Free,50
642,20250520,M,25-34,Premium,43
643,20250909,M,35-44,Free,13
644,20250406,F,55-64,Premium,56
645,20240710,M,25-34,Free,51
646,20250706,F,25-34,Free,36
647,20240213,M,45-54,Free,12
648,20250827,F,45-54,Free,14
649,20251013,M,Under 18,Premium,51
650,20250608,F,55-64,Free,2
651,20251003,M,Under 18,Free,30
652,20250303,M,35-44,Premium,38
653,20241207,F,25-34,Free,14
654,20240823,M,45-54,Free,52
655,20251103,M,18-24,Premium,32
656,20250524,Other,18-24,Premium,4
657,20240519,M,35-44,Free,20
658,20251129,F,18-24,Premium,24
659,20240213,F,25-34,Premium,14
660,20250304,M,35-44,Premium,57
661,20240519,F,35-44,Free,22
662,20250429,M,18-24,Premium,31
663,20241028,F,25-34,Premium,33
664,20241115,M,65+,Free,14
665,20250505,M,25-34,Premium,35
666,20250705,M,Under 18,Premium,22
667,20241004,Other,18-24,Free,1
668,20251229,F,25-34,Premium,25
669,20241229,Unknown,65+,Free,36
670,20240427,F,25-34,Premium,8
671,20240105,F,Under 18,Premium,47
672,20240527,F,25-34,Free,40
673,20250519,Other,18-24,Free,19
674,20250128,F,18-24,Free,36
675,20240903,M,65+,Premium,19
676,20241217,F,35-44,Free,39
677,20250903,F,18-24,Premium,10
678,20250221,M,25-34,Free,37
679,20240212,M,18-24,Free,4
680,20240205,M,18-24,Premium,2
681,20241217,F,35-44,Free,16
682,20241022,M,25-34,Free,11
683,20250912,F,35-44,Free,30
684,20250301,M,55-64,Free,10
685,20250706,F,18-24,Free,15
686,20250303,M,55-64,Free,6
687,20240909,Other,25-34,Free,54
688,20250424,F,18-24,Free,45
689,20250329,M,45-54,Free,14
690,20250609,M,Under 18,Free,8
691,20240518,M,25-34,Free,52
692,20250413,M,35-44,Premium,41
693,20240727,F,18-24,Free,54
694,20250730,Unknown,45-54,Free,11
695,20250805,F,18-24,Free,22
696,20250401,F,45-54,Premium,8
697,20251122,M,18-24,Premium,26
698,20250127,F,18-24,Premium,10
699,20240119,F,25-34,Premium,1
700,20250318,M,45-54,Free,31
701,20250721,Unknown,18-24,Premium,59
702,20240314,M,45-54,Free,39
703,20240317,F,18-24,Premium,46
704,20240718,Unknown,25-34,Premium,49
705,20250908,F,25-34,Premium,59
706,20250120,M,18-24,Free,8
707,20251213,F,55-64,Premium,16
708,20250929,M,25-34,Free,37
709,20250209,F,35-44,Free,50
710,20250510,M,25-34,Free,47
711,20240829,F,25-34,Free,44
712,20240306,Other,35-44,Premium,19
713,20241018,M,55-64,Free,22
714,20250308,M,35-44,Free,5
715,20240513,F,25-34,Free,19
716,20240610,M,35-44,Premium,10
717,20240111,M,35-44,Premium,57
718,20250619,M,25-34,Premium,6
719,20251018,M,35-44,Free,22
720,20250827,F,25-34,Premium,54
721,20241004,F,35-44,Premium,58
722,20250309,M,65+,Free,23
723,20251202,F,55-64,Free,28
724,20250307,M,45-54,Free,32
725,20240803,M,35-44,Free,50
726,20240904,F,35-44,Free,47
727,20250614,M,18-24,Free,32
728,20241121,F,25-34,Free,23
729,20250903,Other,18-24,Free,23
730,20250922,F,Under 18,Free,39
731,20240127,F,65+,Premium,51
732,20250612,M,45-54,Free,5
733,20240927,M,25-34,Free,47
734,20250114,M,18-24,Premium,29
735,20240712,F,35-44,Free,9
736,20240925,F,25-34,Free,6
737,20240829,M,45-54,Free,21
738,20240206,M,65+,Free,15
739,20250725,M,25-34,Free,7
740,20240414,F,18-24,Free,18
741,20241001,F,18-24,Free,51
742,20240520,F,18-24,Free,44
743,20240427,Other,25-34,Premium,13
744,20240929,M,Under 18,Free,41
745,20251101,F,18-24,Free,28
746,20251120,F,18-24,Free,45
747,20241005,M,18-24,Premium,15
748,20250103,Other,35-44,Premium,4
749,20251220,M,18-24,Premium,19
750,20240620,F,45-54,Free,60
751,20251120,F,18-24,Free,34
752,20240318,Other,18-24,Premium,4
753,20240613,F,Under 18,Free,59
754,20240903,M,35-44,Premium,50
755,20240128,F,18-24,Free,33
756,20250818,F,25-34,Free,45
757,20250916,F,18-24,Free,12
758,20241006,F,65+,Free,36
759,20250902,M,18-24,Premium,55
760,20250717,F,25-34,Free,27
761,20250808,F,45-54,Free,3
762,20250808,M,18-24,Free,46
763,20250222,F,18-24,Premium,44
764,20240321,Unknown,45-54,Free,45
765,20251105,F,18-24,Premium,39
766,20250320,F,Under 18,Premium,9
767,20251019,M,25-34,Free,7
768,20251201,Unknown,Under 18,Premium,48
769,20240516,M,55-64,Premium,52
770,20241020,F,35-44,Free,5
771,20240520,F,35-44,Free,35
772,20240207,F,18-24,Free,31
773,20251206,Other,35-44,Free,22
774,20251105,F,35-44,Free,39
775,20251111,F,18-24,Premium,55
776,20251007,M,55-64,Free,50
777,20250418,F,25-34,Free,10
778,20250116,F,45-54,Free,28
779,20251224,M,18-24,Premium,57
780,20250207,F,18-24,Free,15
781,20250413,F,35-44,Free,52
782,20240603,F,45-54,Free,30
783,20250629,F,25-34,Free,32
784,20250821,M,Under 18,Free,16
785,20250510,F,45-54,Premium,56
786,20241229,M,18-24,Free,32
787,20240524,M,25-34,Premium,35
788,20240125,F,35-44,Free,28
789,20250402,M,18-24,Premium,6
790,20250513,M,18-24,Free,47
791,20250718,F,Under 18,Free,20
792,20251124,M,55-64,Free,15
793,20241229,M,25-34,Free,47
794,20250828,M,35-44,Free,12
795,20250606,F,65+,Free,41
796,20240721,M,35-44,Free,29
797,20250908,F,25-34,Premium,48
798,20240208,F,25-34,Free,4
799,20250313,M,25-34,Premium,47
800,20251117,Other,35-44,Free,14
801,20250426,M,55-64,Free,53
802,20251115,F,45-54,Free,22
803,20240210,M,25-34,Free,1
804,20250123,F,25-34,Free,30
805,20250723,M,55-64,Premium,4
806,20250413,F,18-24,Premium,17
807,20251004,M,45-54,Free,44
808,20241203,F,18-24,Free,34
809,20250513,M,35-44,Free,43
810,20241102,M,45-54,Free,53
811,20250928,M,25-34,Free,29
812,20240328,F,18-24,Free,33
813,20240704,F,45-54,Free,4
814,20240311,Unknown,25-34,Free,18
815,20250527,F,25-34,Premium,44
816,20240618,Unknown,25-34,Free,4
817,20240819,M,25-34,Free,22
818,20250902,F,35-44,Premium,9
819,20240919,F,18-24,Premium,52
820,20240416,F,25-34,Free,34
821,20240116,Unknown,55-64,Free,39
822,20240614,F,Under 18,Premium,42
823,20251029,F,25-34,Free,14
824,20250204,F,35-44,Free,3
825,20251227,M,55-64,Free,24
826,20240606,F,35-44,Free,12
827,20240913,F,45-54,Premium,20
828,20240429,Other,18-24,Premium,20
829,20241017,F,25-34,Premium,47
830,20250215,M,55-64,Premium,20
831,20250812,M,55-64,Free,10
832,20240925,M,25-34,Premium,58
833,20250717,F,25-34,Premium,3
834,20250402,M,25-34,Free,13
835,20240801,F,18-24,Free,21
836,20251027,F,55-64,Free,4
837,20241112,F,45-54,Free,54
838,20240420,M,25-34,Free,22
839,20251203,F,18-24,Free,47
840,20251028,M,25-34,Free,9
841,20240206,F,18-24,Free,32
842,20251020,M,35-44,Free,8
843,20251122,M,25-34,Free,14
844,20250828,M,18-24,Free,25
845,20240705,F,35-44,Premium,52
846,20250405,M,65+,Free,19
847,20250127,F,18-24,Free,46
848,20250328,F,25-34,Free,6
849,20250326,F,25-34,Premium,16
850,20250411,M,18-24,Free,37
851,20250110,M,25-34,Free,29
852,20250519,M,35-44,Free,31
853,20250119,M,18-24,Premium,41
854,20240113,F,18-24,Premium,5
855,20240126,M,45-54,Free,42
856,20251130,M,25-34,Free,52
857,20251025,M,35-44,Free,46
858,20250303,F,35-44,Free,18
859,20240507,M,45-54,Premium,22
860,20250724,F,35-44,Premium,58
861,20240414,M,45-54,Premium,48
862,20241002,Unknown,35-44,Premium,56
863,20240828,F,25-34,Free,55
864,20240110,M,25-34,Premium,27
865,20250812,M,25-34,Free,8
866,20250107,M,25-34,Free,14
867,20240818,M,18-24,Premium,18
868,20250105,M,25-34,Free,51
869,20240101,F,25-34,Premium,17
870,20241115,F,Under 18,Premium,22
871,20250114,M,18-24,Premium,52
872,20240904,F,35-44,Premium,10
873,20250829,M,25-34,Free,40
874,20240701,Unknown,45-54,Free,34
875,20240410,M,25-34,Premium,60
876,20250120,F,45-54,Free,30
877,20251009,F,45-54,Premium,32
878,20240930,M,18-24,Free,52
879,20240204,M,65+,Free,60
880,20251209,M,Under 18,Free,44
881,20241120,F,35-44,Premium,42
882,20240506,F,45-54,Premium,53
883,20250325,F,25-34,Premium,59
884,20240821,F,35-44,Free,45
885,20251115,F,25-34,Free,18
886,20240802,F,18-24,Free,39
887,20250205,F,Under 18,Free,15
888,20250131,F,18-24,Free,31
889,20240625,M,18-24,Free,27
890,20241230,F,35-44,Free,60
891,20240320,M,25-34,Free,34
892,20250414,M,25-34,Free,58
893,20250707,F,35-44,Premium,49
894,20251124,M,Under 18,Free,51
895,20240825,M,18-24,Free,11
896,20240727,M,45-54,Premium,47
897,20250204,F,55-64,Premium,16
898,20250520,F,25-34,Premium,35
899,20251225,M,18-24,Free,30
900,20240119,M,45-54,Free,16
901,20240622,F,55-64,Premium,60
902,20240710,Unknown,25-34,Free,53
903,20240705,M,18-24,Free,35
904,20241204,Unknown,Under 18,Premium,1
905,20250929,F,35-44,Free,11
906,20240123,M,55-64,Premium,14
907,20250818,F,35-44,Premium,59
908,20250326,F,25-34,Free,25
909,20250325,F,35-44,Premium,3
910,20250510,M,45-54,Free,36
911,20240325,F,25-34,Premium,58
912,20250629,F,45-54,Premium,34
913,20240630,F,25-34,Premium,27
914,20250112,Unknown,25-34,Free,11
915,20250509,F,35-44,Premium,53
916,20250316,F,25-34,Premium,7
917,20240823,F,65+,Free,57
918,20241016,M,25-34,Free,14
919,20241213,M,25-34,Free,9
920,20240131,M,25-34,Premium,21
921,20250614,F,25-34,Free,1
922,20240313,M,25-34,Free,1
923,20241130,F,35-44,Premium,12
924,20250423,M,25-34,Premium,42
925,20240228,M,25-34,Premium,49
926,20251227,F,35-44,Free,15
927,20241002,M,18-24,Free,39
928,20240112,F,35-44,Free,22
929,20250425,M,25-34,Free,26
930,20250211,Other,25-34,Premium,21
931,20250412,M,35-44,Free,54
932,20250702,Unknown,35-44,Free,31
933,20241213,F,45-54,Free,31
934,20250826,M,25-34,Free,52
935,20240927,M,25-34,Premium,40
936,20250201,M,35-44,Premium,9
937,20240425,F,35-44,Free,12
938,20250328,F,35-44,Free,21
939,20240709,M,25-34,Free,6
940,20250523,M,45-54,Free,42
941,20250807,F,18-24,Premium,30
942,20250919,F,25-34,Premium,3
943,20251109,F,18-24,Free,25
944,20240330,F,25-34,Premium,50
945,20240410,F,35-44,Free,55
946,20251107,Unknown,25-34,Free,58
947,20241005,M,25-34,Free,56
948,20240119,M,55-64,Free,37
949,20240728,M,45-54,Free,56
950,20250902,F,25-34,Premium,58
951,20240916,M,55-64,Premium,39
952,20240226,Other,25-34,Free,25
953,20250611,F,45-54,Free,58
954,20240522,F,18-24,Free,25
955,20240914,F,18-24,Free,10
956,20240103,M,25-34,Free,7
957,20250315,F,18-24,Free,35
958,20241121,M,25-34,Free,3
959,20250924,F,18-24,Premium,8
960,20240901,Other,35-44,Premium,15
961,20240529,F,18-24,Free,32
962,20240501,F,18-24,Premium,29
963,20240526,M,65+,Free,31
964,20241125,F,35-44,Premium,31
965,20240304,F,55-64,Free,60
966,20241020,F,25-34,Free,14
967,20250915,M,Under 18,Premium,29
968,20250714,M,25-34,Free,37
969,20250410,F,25-34,Free,17
970,20251013,M,Under 18,Free,11
971,20250723,F,45-54,Free,3
972,20250421,F,35-44,Free,20
973,20250922,Other,35-44,Free,16
974,20240331,M,25-34,Free,12
975,20250820,Other,35-44,Free,17
976,20240803,M,18-24,Free,42
977,20250619,F,65+,Free,50
978,20251028,F,25-34,Premium,31
979,20241228,M,18-24,Premium,4
980,20240305,M,18-24,Free,45
981,20240927,M,35-44,Free,10
982,20241024,F,65+,Free,4
983,20251114,F,55-64,Free,35
984,20251119,M,35-44,Free,26
985,20250218,M,65+,Free,19
986,20251124,F,35-44,Premium,59
987,20241114,M,25-34,Free,6
988,20241027,F,35-44,Free,4
989,20250902,Unknown,18-24,Free,36
990,20250502,F,18-24,Free,26
991,20250116,F,25-34,Premium,49
992,20241129,F,18-24,Premium,3
993,20250530,F,55-64,Free,26
994,20250704,M,65+,Premium,9
995,20241224,M,25-34,Free,3
996,20240124,F,35-44,Free,28
997,20240315,M,25-34,Premium,45
998,20240415,F,18-24,Premium,10
999,20241203,F,25-34,Free,51
1000,20250324,Unknown,18-24,Premium,32
1001,20250809,M,25-34,Free,29
1002,20240618,F,18-24,Free,56
1003,20250728,F,18-24,Free,20
1004,20250501,M,18-24,Free,13
1005,20240207,F,55-64,Free,48
1006,20240913,F,18-24,Free,7
1007,20240808,Unknown,25-34,Free,53
1008,20251009,F,25-34,Premium,50
1009,20251103,M,25-34,Free,59
1010,20250821,F,25-34,Premium,28
1011,20250120,F,Under 18,Premium,38
1012,20241225,M,35-44,Premium,53
1013,20240815,M,25-34,Premium,8
1014,20250718,M,35-44,Premium,19
1015,20240303,M,25-34,Free,29
1016,20240716,F,25-34,Premium,38
1017,20240408,M,25-34,Premium,41
1018,20241226,F,18-24,Free,56
1019,20240806,M,25-34,Free,30
1020,20240524,F,Under 18,Premium,11
1021,20241001,M,25-34,Free,12
1022,20250920,F,35-44,Free,49
1023,20250211,M,18-24,Free,28
1024,20250823,F,18-24,Free,38
1025,20251029,M,35-44,Free,34
1026,20251020,M,25-34,Free,49
1027,20240913,F,45-54,Premium,14
1028,20251002,F,55-64,Free,11
1029,20251025,Other,55-64,Free,45
1030,20251201,M,25-34,Premium,27
1031,20240913,M,18-24,Premium,49
1032,20240615,F,35-44,Free,8
1033,20250302,F,35-44,Free,17
1034,20251111,M,35-44,Free,58
1035,20251019,F,25-34,Premium,51
1036,20250220,F,18-24,Free,4
1037,20240418,F,18-24,Free,50
1038,20241104,M,18-24,Premium,4
1039,20250605,M,18-24,Premium,8
1040,20250213,M,55-64,Free,54
1041,20240909,F,Under 18,Premium,8
1042,20240907,M,35-44,Premium,19
1043,20240213,F,55-64,Premium,9
1044,20240729,F,25-34,Premium,36
1045,20250503,F,25-34,Premium,4
1046,20240625,M,35-44,Free,18
1047,20251226,M,25-34,Free,20
1048,20240301,F,25-34,Premium,39
1049,20250305,F,45-54,Free,30
1050,20241228,Other,35-44,Free,12
1051,20250831,M,45-54,Free,28
1052,20251010,F,65+,Premium,28
1053,20250131,M,25-34,Free,22
1054,20250405,M,35-44,Free,33
1055,20250525,M,35-44,Free,20
1056,20250115,F,35-44,Free,21
1057,20240514,M,35-44,Premium,48
1058,20241108,M,35-44,Premium,16
1059,20240625,F,55-64,Free,20
1060,20241205,F,25-34,Free,9
1061,20250325,M,35-44,Premium,42
1062,20240601,M,18-24,Free,43
1063,20240701,F,35-44,Premium,41
1064,20250823,M,35-44,Free,11
1065,20241002,M,45-54,Free,28
1066,20240524,F,25-34,Free,18
1067,20250604,M,25-34,Free,46
1068,20250607,F,25-34,Free,21
1069,20250826,M,18-24,Premium,25
1070,20250708,M,18-24,Free,28
1071,20251225,M,55-64,Free,46
1072,20250223,M,25-34,Premium,43
1073,20240728,M,65+,Premium,50
1074,20250921,M,18-24,Free,26
1075,20240712,Other,35-44,Free,50
1076,20240731,F,25-34,Free,53
1077,20250827,M,35-44,Free,32
1078,20251005,F,35-44,Premium,41
1079,20240904,F,35-44,Free,55
1080,20250616,F,55-64,Free,51
1081,20251104,M,25-34,Premium,17
1082,20250806,M,18-24,Free,43
1083,20240104,M,18-24,Free,27
1084,20250430,M,35-44,Free,9
1085,20240504,M,25-34,Premium,23
1086,20250909,F,25-34,Premium,59
1087,20240218,Other,35-44,Free,58
1088,20251225,M,25-34,Premium,48
1089,20240509,F,45-54,Free,60
1090,20241102,M,35-44,Free,35
1091,20240619,F,35-44,Free,46
1092,20250817,F,35-44,Free,10
1093,20241014,M,55-64,Free,18
1094,20250627,F,35-44,Premium,11
1095,20240219,Unknown,65+,Free,57
1096,20241126,F,18-24,Premium,37
1097,20251027,F,35-44,Premium,56
1098,20251107,F,35-44,Free,25
1099,20240601,M,25-34,Free,25
1100,20241014,M,18-24,Free,41
1101,20241025,F,25-34,Free,35
1102,20250216,M,25-34,Free,23
1103,20250127,F,55-64,Premium,20
1104,20240318,M,25-34,Premium,31
1105,20250710,M,18-24,Free,5
1106,20240613,M,25-34,Free,12
1107,20240817,Unknown,25-34,Free,3
1108,20250905,M,18-24,Premium,10
1109,20250518,M,25-34,Free,12
1110,20241016,M,25-34,Free,5
1111,20251028,F,18-24,Free,4
1112,20241014,Unknown,35-44,Free,50
1113,20250216,M,25-34,Free,11
1114,20240628,Other,45-54,Premium,34
1115,20240513,M,25-34,Free,6
1116,20241224,F,18-24,Free,57
1117,20250215,M,55-64,Free,15
1118,20250811,F,25-34,Free,45
1119,20241012,F,Under 18,Premium,39
1120,20251015,F,45-54,Free,47
1121,20250319,M,18-24,Premium,38
1122,20240221,F,45-54,Free,31
1123,20250623,Unknown,35-44,Premium,47
1124,20250223,F,65+,Premium,49
1125,20241011,F,65+,Free,23
1126,20241207,F,18-24,Premium,57
1127,20240808,M,45-54,Free,60
1128,20250324,F,25-34,Premium,44
1129,20250217,M,35-44,Free,56
1130,20241122,F,35-44,Free,7
1131,20240727,M,18-24,Free,33
1132,20241018,M,Under 18,Premium,40
1133,20241229,F,18-24,Premium,56
1134,20241210,F,18-24,Free,8
1135,20240813,F,18-24,Premium,49
1136,20250228,Unknown,55-64,Premium,5
1137,20240614,M,25-34,Free,22
1138,20241231,M,45-54,Free,42
1139,20240329,M,45-54,Free,18
1140,20241210,F,35-44,Free,51
1141,20250726,F,25-34,Free,56
1142,20250820,F,45-54,Premium,10
1143,20250522,F,35-44,Free,16
1144,20250628,M,35-44,Premium,5
1145,20240218,F,55-64,Free,43
1146,20240906,F,35-44,Free,54
1147,20250422,F,25-34,Free,37
1148,20250807,M,55-64,Free,8
1149,20250301,M,25-34,Free,11
1150,20250915,M,45-54,Free,3
1151,20240718,M,18-24,Free,30
1152,20240422,F,Under 18,Premium,44
1153,20240304,M,25-34,Free,10
1154,20250301,F,18-24,Free,51
1155,20250430,F,65+,Free,16
1156,20240727,F,Under 18,Free,31
1157,20250726,M,35-44,Premium,41
1158,20250623,M,18-24,Free,33
1159,20240919,M,65+,Premium,29
1160,20240623,M,25-34,Premium,21
1161,20250625,M,Under 18,Free,26
1162,20250505,F,Under 18,Free,15
1163,20240504,M,25-34,Free,18
1164,20240705,M,65+,Premium,46
1165,20241220,M,65+,Free,53
1166,20250108,F,25-34,Free,51
1167,20240501,F,25-34,Free,20
1168,20251123,F,18-24,Free,20
1169,20241010,F,25-34,Free,4
1170,20241005,F,35-44,Free,17
1171,20240214,F,18-24,Free,36
1172,20251001,M,35-44,Premium,17
1173,20240620,F,55-64,Free,45
1174,20251221,F,Under 18,Free,4
1175,20241228,M,18-24,Free,25
1176,20250930,F,18-24,Premium,17
1177,20240510,F,18-24,Free,30
1178,20240501,F,18-24,Premium,2
1179,20250807,M,35-44,Free,26
1180,20250821,F,18-24,Premium,48
1181,20250131,F,35-44,Free,52
1182,20240124,M,55-64,Premium,16
1183,20251119,M,55-64,Free,26
1184,20241014,M,35-44,Premium,42
1185,20251114,M,18-24,Premium,28
1186,20250927,Unknown,18-24,Free,33
1187,20250913,F,18-24,Free,21
1188,20250517,M,65+,Free,51
1189,20250506,M,65+,Free,38
1190,20250123,Unknown,25-34,Premium,58
1191,20240119,M,25-34,Premium,47
1192,20241010,F,25-34,Free,23
1193,20250617,M,18-24,Free,20
1194,20250815,M,65+,Premium,6
1195,20250212,F,18-24,Free,38
1196,20250601,M,25-34,Free,45
1197,20240116,F,25-34,Free,22
1198,20241207,M,18-24,Free,2
1199,20250105,F,25-34,Free,50
1200,20251013,F,45-54,Free,14
1201,20240815,F,18-24,Free,35
1202,20240616,M,35-44,Free,4
1203,20240914,F,25-34,Premium,4
1204,20240504,Unknown,18-24,Premium,54
1205,20250211,M,Under 18,Free,41
1206,20250414,M,18-24,Free,1
1207,20250807,F,18-24,Free,7
1208,20251210,M,25-34,Premium,30
1209,20240223,F,45-54,Free,41
1210,20240629,F,35-44,Free,26
1211,20240807,M,55-64,Premium,53
1212,20240701,F,25-34,Free,40
1213,20250826,F,35-44,Free,37
1214,20240411,M,35-44,Free,18
1215,20240122,F,18-24,Premium,41
1216,20250920,M,25-34,Free,53
1217,20251202,M,25-34,Premium,3
1218,20240614,F,45-54,Free,45
1219,20240830,M,25-34,Free,53
1220,20250102,F,18-24,Free,26
1221,20250118,M,65+,Premium,46
1222,20251224,F,18-24,Free,22
1223,20241022,M,55-64,Free,12
1224,20240109,F,45-54,Premium,49
1225,20241104,F,45-54,Free,19
1226,20250210,F,45-54,Free,46
1227,20250112,Unknown,18-24,Premium,19
1228,20250108,F,35-44,Premium,24
1229,20251104,F,35-44,Premium,42
1230,20250812,F,35-44,Free,21
1231,20240702,Other,18-24,Free,49
1232,20240916,F,18-24,Premium,3
1233,20250502,F,25-34,Free,1
1234,20241026,M,25-34,Premium,5
1235,20241108,F,25-34,Free,16
1236,20240502,F,45-54,Premium,4
1237,20240704,M,45-54,Free,23
1238,20250624,M,35-44,Free,2
1239,20250907,Unknown,18-24,Free,46
1240,20250726,M,25-34,Free,10
1241,20240812,M,25-34,Free,59
1242,20240409,M,18-24,Premium,52
1243,20240426,M,Under 18,Free,42
1244,20241014,F,25-34,Free,48
1245,20250112,Other,18-24,Free,47
1246,20251013,Unknown,25-34,Premium,51
1247,20251018,F,18-24,Free,34
1248,20240102,F,18-24,Free,38
1249,20250531,M,Under 18,Premium,29
1250,20240806,F,35-44,Free,38
1251,20240524,M,25-34,Free,23
1252,20250209,M,25-34,Premium,8
1253,20240125,Unknown,18-24,Free,56
1254,20240831,F,55-64,Premium,42
1255,20250207,M,35-44,Premium,43
1256,20240717,F,35-44,Free,17
1257,20250309,F,25-34,Free,47
1258,20241201,M,45-54,Free,32
1259,20250806,M,55-64,Free,5
1260,20240512,M,25-34,Free,58
1261,20240211,F,35-44,Free,60
1262,20250121,M,18-24,Free,53
1263,20240706,F,35-44,Premium,29
1264,20250530,M,25-34,Free,14
1265,20240309,Other,Under 18,Premium,1
1266,20250223,F,55-64,Premium,45
1267,20251223,F,45-54,Premium,54
1268,20240308,M,18-24,Premium,7
1269,20240808,F,65+,Premium,42
1270,20250908,F,25-34,Free,2
1271,20250124,M,25-34,Free,47
1272,20240507,M,45-54,Premium,2
1273,20240604,M,25-34,Premium,59
1274,20250712,M,25-34,Premium,11
1275,20250920,M,35-44,Premium,25
1276,20240920,M,18-24,Free,42
1277,20241211,M,25-34,Free,51
1278,20250725,F,25-34,Free,22
1279,20240509,M,35-44,Free,59
1280,20240530,M,18-24,Free,1
1281,20250719,F,18-24,Premium,29
1282,20240516,M,35-44,Free,60
1283,20250716,M,18-24,Free,17
1284,20241228,M,25-34,Premium,33
1285,20251223,M,35-44,Free,27
1286,20240125,F,45-54,Premium,24
1287,20251121,M,18-24,Free,47
1288,20240613,M,45-54,Premium,32
1289,20240126,Unknown,35-44,Free,43
1290,20250612,Other,25-34,Free,32
1291,20250123,M,45-54,Free,60
1292,20250903,M,35-44,Free,29
1293,20240320,F,35-44,Free,48
1294,20240228,F,25-34,Premium,37
1295,20250218,F,35-44,Premium,49
1296,20251005,M,65+,Free,54
1297,20241023,M,25-34,Premium,14
1298,20250805,M,45-54,Premium,19
1299,20251023,F,35-44,Premium,19
1300,20250926,F,45-54,Free,30
1301,20250106,M,55-64,Free,30
1302,20250524,F,18-24,Premium,1
1303,20250118,M,18-24,Free,54
1304,20250507,F,35-44,Free,52
1305,20250217,Other,25-34,Premium,37
1306,20250118,F,25-34,Free,19
1307,20241114,M,45-54,Premium,50
1308,20250421,F,55-64,Free,17
1309,20250702,M,25-34,Premium,19
1310,20251101,F,35-44,Premium,60
1311,20250323,M,18-24,Premium,56
1312,20240314,F,25-34,Premium,36
1313,20250304,M,Under 18,Premium,11
1314,20240818,M,25-34,Free,8
1315,20240120,M,25-34,Premium,58
1316,20240222,M,35-44,Premium,16
1317,20250307,M,35-44,Free,41
1318,20251120,F,25-34,Free,22
1319,20250104,M,Under 18,Free,30
1320,20241121,M,18-24,Free,60
1321,20240305,M,65+,Premium,36
1322,20250508,M,55-64,Free,26
1323,20240210,F,25-34,Free,25
1324,20250906,Unknown,18-24,Free,14
1325,20250818,M,25-34,Free,34
1326,20251224,F,35-44,Premium,35
1327,20240726,F,25-34,Free,6
1328,20240428,Unknown,18-24,Free,25
1329,20240806,M,25-34,Free,39
1330,20250806,M,18-24,Premium,4
1331,20240608,F,25-34,Premium,59
1332,20251009,F,18-24,Free,52
1333,20240422,F,35-44,Free,39
1334,20240205,F,25-34,Free,1
1335,20240609,M,18-24,Free,32
1336,20250704,F,25-34,Premium,54
1337,20250315,F,25-34,Free,2
1338,20240915,M,45-54,Free,48
1339,20250423,F,55-64,Free,51
1340,20250418,M,18-24,Free,5
1341,20250208,F,55-64,Free,14
1342,20250110,F,35-44,Free,44
1343,20240315,F,35-44,Free,55
1344,20240708,Unknown,25-34,Free,47
1345,20250120,M,25-34,Free,32
1346,20240408,M,Under 18,Premium,37
1347,20241213,M,65+,Free,32
1348,20240326,M,35-44,Free,35
1349,20250728,M,25-34,Free,47
1350,20240316,M,25-34,Premium,3
1351,20240308,M,Under 18,Premium,13
1352,20250410,M,18-24,Premium,4
1353,20240609,M,35-44,Free,48
1354,20240913,F,25-34,Premium,44
1355,20240817,M,45-54,Free,4
1356,20240607,F,35-44,Premium,7
1357,20250710,Other,35-44,Premium,16
1358,20250520,F,45-54,Free,15
1359,20240623,M,18-24,Free,32
1360,20250516,M,35-44,Free,30
1361,20250604,F,35-44,Free,22
1362,20250128,F,18-24,Premium,10
1363,20250226,M,18-24,Free,39
1364,20251113,M,18-24,Premium,48
1365,20241127,F,18-24,Premium,39
1366,20241008,M,25-34,Free,49
1367,20250128,F,18-24,Free,55
1368,20250902,M,35-44,Free,51
1369,20250601,M,18-24,Premium,40
1370,20240224,F,Under 18,Free,3
1371,20241201,M,25-34,Free,21
1372,20250624,F,18-24,Free,26
1373,20240612,M,65+,Premium,43
1374,20251222,M,25-34,Free,51
1375,20250812,Other,18-24,Free,39
1376,20250910,M,18-24,Premium,22
1377,20240229,M,25-34,Free,48
1378,20250227,Other,35-44,Free,42
1379,20250120,F,45-54,Free,48
1380,20250402,F,25-34,Free,36
1381,20250912,M,35-44,Free,39
1382,20240914,M,25-34,Free,21
1383,20250124,F,45-54,Premium,24
1384,20250511,M,25-34,Free,17
1385,20250703,M,18-24,Free,16
1386,20250716,F,35-44,Free,40
1387,20240902,M,45-54,Free,24
1388,20251229,M,25-34,Premium,9
1389,20240108,M,65+,Premium,3
1390,20241225,M,45-54,Premium,52
1391,20250320,F,18-24,Premium,27
1392,20240214,F,45-54,Premium,35
1393,20241125,M,35-44,Free,55
1394,20250310,M,25-34,Premium,7
1395,20250319,F,25-34,Premium,57
1396,20240327,M,45-54,Free,43
1397,20240721,F,35-44,Free,39
1398,20240627,Other,25-34,Free,26
1399,20250412,F,Under 18,Free,43
1400,20240828,M,25-34,Premium,13
1401,20250221,Unknown,55-64,Free,19
1402,20250617,M,35-44,Free,58
1403,20250805,Other,18-24,Free,17
1404,20240514,F,55-64,Premium,44
1405,20251021,F,45-54,Free,56
1406,20240430,Other,25-34,Premium,36
1407,20240116,F,Under 18,Free,18
1408,20240202,M,25-34,Free,51
1409,20240526,M,18-24,Free,50
1410,20250929,F,25-34,Free,33
1411,20240531,F,35-44,Premium,7
1412,20250521,M,55-64,Premium,27
1413,20241101,F,25-34,Free,26
1414,20240130,F,45-54,Free,12
1415,20241120,M,55-64,Premium,25
1416,20240121,M,Under 18,Premium,10
1417,20241213,M,18-24,Free,42
1418,20250211,M,35-44,Premium,26
1419,20250115,M,35-44,Free,44
1420,20240725,M,25-34,Free,28
1421,20250713,M,35-44,Premium,43
1422,20250311,M,35-44,Premium,44
1423,20240704,F,35-44,Premium,10
1424,20241113,M,35-44,Free,27
1425,20240320,Unknown,18-24,Free,45
1426,20251105,Other,18-24,Premium,36
1427,20250703,F,18-24,Free,14
1428,20240729,Unknown,55-64,Free,50
1429,20250507,F,55-64,Free,12
1430,20250510,M,45-54,Free,60
1431,20250321,F,18-24,Free,43
1432,20240209,M,25-34,Free,20
1433,20251003,F,18-24,Premium,12
1434,20251128,F,25-34,Free,55
1435,20251212,M,18-24,Free,32
1436,20251216,M,45-54,Free,49
1437,20251109,Unknown,18-24,Free,50
1438,20250623,M,35-44,Free,5
1439,20240211,M,65+,Free,42
1440,20241205,M,35-44,Free,21
1441,20240627,F,18-24,Free,55
1442,20240609,F,55-64,Free,14
1443,20250829,F,35-44,Free,3
1444,20250816,M,25-34,Free,40
1445,20250116,M,35-44,Free,34
1446,20250621,M,45-54,Premium,34
1447,20240404,F,25-34,Premium,16
1448,20240611,F,25-34,Free,30
1449,20250920,F,25-34,Premium,58
1450,20241125,M,18-24,Premium,46
1451,20250203,F,45-54,Free,60
1452,20241203,M,18-24,Free,20
1453,20240527,F,25-34,Premium,53
1454,20250826,F,25-34,Free,23
1455,20250707,F,18-24,Free,57
1456,20250514,F,25-34,Free,52
1457,20240914,Unknown,35-44,Free,10
1458,20250414,M,25-34,Premium,59
1459,20251126,M,18-24,Free,37
1460,20250419,M,45-54,Free,47
1461,20241226,F,65+,Free,35
1462,20240716,F,25-34,Free,14
1463,20250116,F,25-34,Premium,60
1464,20240928,F,Under 18,Premium,7
1465,20250322,M,Under 18,Premium,49
1466,20240203,F,25-34,Free,13
1467,20240518,F,55-64,Free,48
1468,20250728,M,35-44,Free,26
1469,20241004,M,25-34,Free,15
1470,20241112,M,65+,Premium,15
1471,20250201,M,25-34,Free,20
1472,20241115,F,18-24,Free,55
1473,20250707,Other,25-34,Free,47
1474,20240628,F,18-24,Premium,41
1475,20250707,M,55-64,Free,38
1476,20240601,F,25-34,Premium,26
1477,20240927,F,35-44,Premium,55
1478,20250305,M,25-34,Premium,17
1479,20251008,F,55-64,Free,57
1480,20240618,M,35-44,Free,23
1481,20250304,M,25-34,Free,21
1482,20240216,M,18-24,Premium,29
1483,20240225,M,55-64,Premium,45
1484,20250714,F,25-34,Free,43
1485,20250608,M,18-24,Free,47
1486,20241001,M,45-54,Free,6
1487,20250330,M,18-24,Free,10
1488,20241004,M,25-34,Free,51
1489,20240721,M,25-34,Free,59
1490,20241110,M,25-34,Premium,8
1491,20240815,F,25-34,Free,55
1492,20250817,M,18-24,Free,16
1493,20241027,F,18-24,Free,59
1494,20240822,M,Under 18,Free,60
1495,20250126,F,18-24,Premium,39
1496,20250707,F,55-64,Free,12
1497,20240718,M,25-34,Free,48
1498,20251116,M,25-34,Free,7
1499,20241204,Unknown,25-34,Free,21
1500,20250427,F,35-44,Premium,39
1501,20251129,F,18-24,Free,5
1502,20241111,M,18-24,Free,24
1503,20240525,M,35-44,Free,48
1504,20250629,F,25-34,Free,6
1505,20240105,F,45-54,Free,23
1506,20241130,M,55-64,Free,1
1507,20251216,F,45-54,Premium,40
1508,20241029,F,18-24,Free,5
1509,20250514,M,18-24,Free,17
1510,20250118,M,18-24,Free,32
1511,20240605,M,45-54,Premium,13
1512,20240819,M,55-64,Free,14
1513,20250117,F,55-64,Premium,51
1514,20240317,M,18-24,Free,47
1515,20241029,M,45-54,Premium,5
1516,20241029,F,25-34,Premium,52
1517,20250901,F,45-54,Free,29
1518,20240331,F,25-34,Free,9
1519,20250907,F,18-24,Free,55
1520,20241026,M,18-24,Premium,21
1521,20250420,F,55-64,Premium,20
1522,20250210,M,25-34,Free,9
1523,20240806,M,25-34,Free,54
1524,20251110,M,25-34,Free,18
1525,20240612,F,25-34,Free,36
1526,20240127,F,55-64,Free,15
1527,20250701,M,18-24,Free,54
1528,20250329,F,18-24,Free,48
1529,20251012,F,45-54,Premium,31
1530,20241130,M,25-34,Premium,21
1531,20240113,F,18-24,Premium,40
1532,20240115,M,Under 18,Free,30
1533,20241112,Unknown,18-24,Premium,57
1534,20240701,M,18-24,Free,41
1535,20251104,M,Under 18,Free,2
1536,20240327,M,18-24,Free,50
1537,20251004,M,35-44,Premium,12
1538,20240607,F,45-54,Free,19
1539,20240328,F,55-64,Premium,27
1540,20240719,M,25-34,Premium,13
1541,20240415,F,25-34,Premium,57
1542,20241019,F,65+,Premium,59
1543,20240829,F,45-54,Premium,10
1544,20250121,F,25-34,Free,20
1545,20250127,M,18-24,Free,23
1546,20240101,M,25-34,Premium,41
1547,20240401,F,25-34,Free,36
1548,20240428,F,25-34,Free,41
1549,20240522,F,Under 18,Premium,2
1550,20240309,F,55-64,Free,31
1551,20240817,M,25-34,Premium,13
1552,20250205,F,35-44,Free,14
1553,20240813,M,18-24,Premium,47
1554,20240828,M,45-54,Free,9
1555,20241208,F,35-44,Free,2
1556,20250204,M,18-24,Premium,30
1557,20240829,Unknown,35-44,Free,45
1558,20240610,M,35-44,Free,31
1559,20241025,F,45-54,Free,10
1560,20240118,F,18-24,Free,47
1561,20241225,F,45-54,Free,23
1562,20251118,Other,25-34,Free,43
1563,20241017,M,18-24,Premium,13
1564,20240320,M,18-24,Free,55
1565,20250531,M,18-24,Free,18
1566,20240402,M,18-24,Free,59
1567,20240521,F,25-34,Free,23
1568,20240416,F,35-44,Free,44
1569,20251007,M,18-24,Premium,31
1570,20251217,M,65+,Premium,5
1571,20250219,F,18-24,Free,6
1572,20250326,F,35-44,Premium,25
1573,20250416,M,55-64,Free,12
1574,20250321,F,45-54,Free,37
1575,20250201,F,35-44,Premium,9
1576,20251221,F,35-44,Free,36
1577,20250619,M,18-24,Free,13
1578,20240305,F,Under 18,Premium,11
1579,20241013,M,25-34,Free,23
1580,20251212,M,18-24,Free,35
1581,20241021,F,25-34,Free,24
1582,20240528,F,18-24,Premium,21
1583,20250925,M,55-64,Premium,21
1584,20250330,F,55-64,Premium,21
1585,20250214,M,45-54,Free,25
1586,20241102,F,35-44,Premium,51
1587,20240331,Unknown,18-24,Free,35
1588,20241007,F,Under 18,Free,26
1589,20241115,F,35-44,Free,45
1590,20251110,F,35-44,Premium,32
1591,20240812,F,25-34,Free,57
1592,20240418,F,25-34,Free,34
1593,20241108,F,25-34,Free,13
1594,20251228,M,18-24,Free,34
1595,20241218,F,25-34,Premium,47
1596,20241003,M,25-34,Premium,13
1597,20250501,Unknown,35-44,Free,13
1598,20250418,M,55-64,Premium,36
1599,20240806,M,25-34,Free,54
1600,20251207,F,35-44,Premium,21
1601,20250308,M,45-54,Free,31
1602,20240212,M,18-24,Free,40
1603,20241024,F,35-44,Free,40
1604,20251104,M,25-34,Free,9
1605,20241014,M,25-34,Free,24
1606,20250218,F,Under 18,Free,60
1607,20250323,M,55-64,Premium,54
1608,20250529,M,55-64,Free,47
1609,20250928,M,Under 18,Free,2
1610,20240418,M,18-24,Free,26
1611,20250112,M,18-24,Free,4
1612,20250124,M,45-54,Free,19
1613,20240421,F,35-44,Free,52
1614,20250506,F,18-24,Premium,24
1615,20240327,M,45-54,Free,11
1616,20241129,M,25-34,Premium,44
1617,20240829,F,25-34,Free,46
1618,20240423,F,25-34,Free,40
1619,20250823,M,25-34,Free,49
1620,20240627,F,25-34,Premium,43
1621,20240705,M,18-24,Premium,39
1622,20250915,F,25-34,Free,54
1623,20251002,Other,55-64,Free,20
1624,20240126,Other,25-34,Free,28
1625,20240721,M,55-64,Free,34
1626,20250601,M,25-34,Premium,41
1627,20250722,M,45-54,Free,29
1628,20251230,M,18-24,Free,27
1629,20250208,M,45-54,Premium,10
1630,20240106,F,18-24,Premium,39
1631,20250929,M,Under 18,Premium,8
1632,20240427,Other,18-24,Free,29
1633,20240329,M,Under 18,Free,25
1634,20250507,M,55-64,Free,47
1635,20250316,F,65+,Free,29
1636,20240213,F,45-54,Free,1
1637,20240503,M,18-24,Free,31
1638,20250306,F,55-64,Free,13
1639,20240705,M,35-44,Free,23
1640,20250514,M,25-34,Free,18
1641,20241027,F,25-34,Free,10
1642,20250305,M,35-44,Free,57
1643,20241212,F,Under 18,Free,16
1644,20240923,M,25-34,Premium,31
1645,20240906,F,35-44,Premium,50
1646,20250524,F,18-24,Free,22
1647,20250110,M,25-34,Free,57
1648,20250309,M,25-34,Free,25
1649,20250225,M,35-44,Free,57
1650,20240531,F,65+,Free,28
1651,20251028,F,45-54,Premium,1
1652,20250215,F,35-44,Free,53
1653,20250608,M,35-44,Free,52
1654,20251005,M,35-44,Premium,58
1655,20251106,F,25-34,Free,8
1656,20250501,M,18-24,Free,51
1657,20250728,F,35-44,Free,21
1658,20241210,M,35-44,Premium,51
1659,20250622,M,25-34,Free,58
1660,20240822,F,45-54,Free,12
1661,20250603,F,35-44,Premium,23
1662,20240303,F,25-34,Free,17
1663,20251029,M,Under 18,Premium,19
1664,20240627,Other,18-24,Free,36
1665,20250424,F,25-34,Free,25
1666,20240109,F,25-34,Free,40
1667,20240423,F,18-24,Premium,41
1668,20251221,F,18-24,Free,13
1669,20250831,F,18-24,Free,3
1670,20240611,M,45-54,Premium,45
1671,20240405,M,45-54,Free,11
1672,20250817,F,25-34,Premium,12
1673,20251223,M,18-24,Premium,37
1674,20240503,M,18-24,Free,16
1675,20250429,F,18-24,Premium,12
1676,20240726,M,25-34,Premium,19
1677,20250627,F,Under 18,Free,32
1678,20241101,F,25-34,Premium,51
1679,20240401,M,65+,Premium,60
1680,20240824,F,25-34,Premium,44
1681,20250128,M,45-54,Free,54
1682,20250805,F,18-24,Free,32
1683,20240116,F,18-24,Free,25
1684,20251130,M,55-64,Free,50
1685,20250419,M,25-34,Free,19
1686,20250930,M,35-44,Free,49
1687,20251109,M,65+,Premium,60
1688,20240422,M,25-34,Free,24
1689,20240309,Unknown,25-34,Free,39
1690,20250720,M,25-34,Free,47
1691,20240517,F,18-24,Free,48
1692,20240418,M,18-24,Premium,13
1693,20241208,Unknown,Under 18,Premium,58
1694,20251028,M,55-64,Free,31
1695,20250803,M,35-44,Free,3
1696,20250113,F,18-24,Premium,8
1697,20240523,M,18-24,Free,44
1698,20240902,F,35-44,Premium,26
1699,20250517,M,55-64,Free,7
1700,20240424,F,18-24,Free,32
1701,20250117,F,25-34,Free,36
1702,20240109,F,45-54,Premium,5
1703,20240825,M,55-64,Premium,22
1704,20240630,M,55-64,Premium,28
1705,20250512,M,18-24,Free,47
1706,20251029,M,18-24,Premium,40
1707,20240416,M,25-34,Free,6
1708,20250805,Other,18-24,Free,37
1709,20250423,F,55-64,Premium,55
1710,20251208,F,Under 18,Free,4
1711,20251027,M,35-44,Premium,60
1712,20240314,M,55-64,Free,6
1713,20250626,F,65+,Free,38
1714,20250308,M,35-44,Free,22
1715,20240323,M,55-64,Premium,44
1716,20240706,F,18-24,Free,51
1717,20251107,F,25-34,Premium,52
1718,20250131,Unknown,Under 18,Free,53
1719,20240904,M,65+,Premium,49
1720,20240821,F,55-64,Free,19
1721,20250903,M,Under 18,Free,28
1722,20240725,M,Under 18,Premium,44
1723,20240425,F,25-34,Premium,11
1724,20250222,M,18-24,Free,35
1725,20251225,F,45-54,Free,32
1726,20240513,M,18-24,Free,60
1727,20240705,M,45-54,Premium,3
1728,20241208,Other,25-34,Premium,6
1729,20240525,M,25-34,Premium,2
1730,20250420,F,18-24,Premium,33
1731,20240704,M,65+,Premium,34
1732,20240403,Other,35-44,Free,36
1733,20240709,M,25-34,Free,15
1734,20251110,M,25-34,Premium,19
1735,20251113,F,55-64,Free,26
1736,20250104,M,45-54,Free,3
1737,20241019,M,45-54,Free,46
1738,20250821,Unknown,35-44,Premium,4
1739,20240521,F,55-64,Premium,41
1740,20250422,F,18-24,Free,28
1741,20250511,F,35-44,Premium,60
1742,20250602,F,25-34,Free,42
1743,20240608,F,35-44,Free,29
1744,20250606,F,65+,Premium,43
1745,20250322,M,65+,Premium,8
1746,20250930,M,25-34,Premium,11
1747,20240507,F,25-34,Premium,30
1748,20250323,F,55-64,Premium,52
1749,20250828,F,65+,Free,50
1750,20240722,M,45-54,Free,23
1751,20250626,M,18-24,Premium,18
1752,20240313,F,25-34,Premium,58
1753,20250608,F,55-64,Free,34
1754,20250318,M,45-54,Free,8
1755,20240520,F,35-44,Free,14
1756,20240218,F,35-44,Free,51
1757,20250628,Other,25-34,Premium,54
1758,20240625,M,25-34,Free,55
1759,20241229,Other,45-54,Free,1
1760,20240214,F,18-24,Premium,50
1761,20251204,F,35-44,Free,7
1762,20250204,M,35-44,Free,49
1763,20251111,F,45-54,Free,53
1764,20240427,F,25-34,Free,22
1765,20240530,M,35-44,Free,12
1766,20250321,M,18-24,Free,43
1767,20250317,F,18-24,Free,5
1768,20250731,F,25-34,Free,35
1769,20251108,M,18-24,Free,20
1770,20250822,M,55-64,Free,26
1771,20240412,M,55-64,Premium,50
1772,20240813,Other,Under 18,Free,60
1773,20251029,Unknown,45-54,Free,25
1774,20250204,M,25-34,Premium,18
1775,20250924,M,35-44,Free,51
1776,20250214,M,55-64,Free,25
1777,20240206,F,25-34,Premium,12
1778,20241211,F,18-24,Free,55
1779,20250825,F,Under 18,Free,60
1780,20250423,M,25-34,Premium,18
1781,20240406,M,55-64,Premium,10
1782,20240602,M,25-34,Free,10
1783,20250915,F,25-34,Free,36
1784,20251215,F,Under 18,Free,19
1785,20250703,F,55-64,Premium,38
1786,20240312,M,25-34,Free,46
1787,20250328,Other,35-44,Free,1
1788,20250828,M,35-44,Free,52
1789,20250412,F,18-24,Premium,2
1790,20250309,F,18-24,Free,7
1791,20241207,F,25-34,Free,44
1792,20240627,F,25-34,Free,38
1793,20240723,M,35-44,Premium,59
1794,20250628,F,45-54,Free,35
1795,20240220,M,18-24,Premium,26
1796,20240302,F,25-34,Free,41
1797,20241016,M,Under 18,Free,46
1798,20250719,M,18-24,Free,41
1799,20250424,M,45-54,Free,23
1800,20250306,M,45-54,Free,58
1801,20250124,F,45-54,Premium,19
1802,20240321,F,18-24,Free,21
1803,20240830,M,25-34,Premium,17
1804,20240228,Unknown,25-34,Free,18
1805,20250707,Other,65+,Free,13
1806,20250702,M,35-44,Free,35
1807,20240707,M,55-64,Free,44
1808,20240801,F,18-24,Free,26
1809,20240819,F,25-34,Premium,56
1810,20251011,M,45-54,Premium,29
1811,20241222,F,25-34,Premium,29
1812,20250710,M,35-44,Premium,5
1813,20241123,M,25-34,Free,55
1814,20250524,F,65+,Free,9
1815,20250120,F,18-24,Free,10
1816,20240722,F,55-64,Premium,57
1817,20251001,M,25-34,Free,32
1818,20250601,M,25-34,Free,5
1819,20250715,M,25-34,Premium,27
1820,20251123,M,18-24,Free,36
1821,20240630,M,65+,Premium,1
1822,20240307,F,55-64,Free,46
1823,20250301,F,65+,Premium,41
1824,20240826,F,65+,Premium,1
1825,20241114,M,35-44,Free,38
1826,20240620,M,25-34,Free,14
1827,20241017,F,45-54,Free,45
1828,20241014,M,Under 18,Free,23
1829,20240912,F,45-54,Free,13
1830,20250625,M,25-34,Free,31
1831,20250308,F,35-44,Free,27
1832,20241212,F,25-34,Free,21
1833,20240323,F,25-34,Free,53
1834,20250220,F,Under 18,Premium,39
1835,20240507,F,25-34,Free,30
1836,20240817,M,25-34,Free,14
1837,20241029,F,18-24,Free,35
1838,20240413,F,18-24,Free,2
1839,20241011,Unknown,35-44,Premium,54
1840,20240713,M,25-34,Free,1
1841,20250912,M,45-54,Premium,42
1842,20250919,F,18-24,Free,21
1843,20240104,F,25-34,Premium,44
1844,20250315,M,18-24,Premium,22
1845,20250412,M,25-34,Premium,2
1846,20241002,M,25-34,Free,57
1847,20241208,F,35-44,Free,46
1848,20250730,M,25-34,Premium,3
1849,20241002,M,25-34,Free,2
1850,20240217,M,18-24,Free,32
1851,20240928,Other,25-34,Free,58
1852,20240704,M,25-34,Free,35
1853,20241006,M,35-44,Free,1
1854,20240616,F,25-34,Free,42
1855,20240419,M,45-54,Free,26
1856,20251220,Unknown,25-34,Free,39
1857,20240404,Other,18-24,Free,22
1858,20250530,M,18-24,Premium,1
1859,20250607,M,Under 18,Free,2
1860,20250326,M,25-34,Premium,38
1861,20251027,M,45-54,Free,39
1862,20240104,M,45-54,Free,20
1863,20240808,M,25-34,Premium,5
1864,20240514,M,18-24,Premium,47
1865,20250225,F,45-54,Premium,10
1866,20250408,M,18-24,Premium,12
1867,20251017,M,25-34,Premium,28
1868,20241004,F,45-54,Premium,43
1869,20240621,M,25-34,Premium,60
1870,20251105,M,18-24,Premium,38
1871,20250506,M,18-24,Free,58
1872,20250712,M,35-44,Free,40
1873,20241120,M,18-24,Free,51
1874,20241122,F,35-44,Free,11
1875,20241011,Other,25-34,Premium,4
1876,20250701,M,25-34,Free,41
1877,20240602,M,18-24,Free,59
1878,20251213,F,45-54,Premium,45
1879,20240508,F,25-34,Free,21
1880,20241202,M,35-44,Premium,30
1881,20240817,M,25-34,Free,7
1882,20250414,M,18-24,Free,21
1883,20250511,F,25-34,Free,41
1884,20251101,M,25-34,Free,10
1885,20250730,M,25-34,Free,29
1886,20240630,M,45-54,Free,18
1887,20240530,M,55-64,Free,30
1888,20251009,F,45-54,Free,46
1889,20241222,F,35-44,Premium,54
1890,20240312,F,25-34,Free,25
1891,20250825,M,35-44,Free,50
1892,20250418,M,18-24,Free,43
1893,20240119,F,45-54,Premium,56
1894,20250725,F,45-54,Premium,45
1895,20250319,M,18-24,Premium,34
1896,20250324,M,55-64,Premium,41
1897,20250923,F,45-54,Free,20
1898,20241227,F,25-34,Premium,41
1899,20241202,F,55-64,Free,43
1900,20250326,F,18-24,Premium,37
1901,20240524,M,Under 18,Free,7
1902,20240420,M,25-34,Free,32
1903,20250907,M,25-34,Premium,43
1904,20240606,F,25-34,Premium,12
1905,20250103,F,55-64,Premium,48
1906,20240716,M,18-24,Free,51
1907,20240617,F,18-24,Free,33
1908,20250312,M,35-44,Free,58
1909,20250808,M,Under 18,Free,52
1910,20241118,M,35-44,Free,28
1911,20240411,F,25-34,Free,54
1912,20240627,Other,65+,Premium,56
1913,20240430,F,35-44,Free,7
1914,20251006,Unknown,18-24,Premium,60
1915,20240821,F,18-24,Premium,1
1916,20240929,F,18-24,Free,30
1917,20240221,F,55-64,Free,57
1918,20241121,M,35-44,Free,44
1919,20251029,F,25-34,Free,17
1920,20241026,F,18-24,Premium,39
1921,20250420,F,45-54,Free,13
1922,20240512,M,18-24,Free,15
1923,20240414,F,35-44,Premium,55
1924,20250618,Unknown,45-54,Premium,3
1925,20240217,M,18-24,Premium,58
1926,20241123,Unknown,25-34,Free,28
1927,20240819,M,18-24,Premium,4
1928,20240112,M,25-34,Free,48
1929,20250122,M,65+,Free,3
1930,20251204,F,35-44,Premium,20
1931,20240220,F,45-54,Premium,15
1932,20250818,M,25-34,Free,48
1933,20250128,F,18-24,Free,24
1934,20250612,M,35-44,Free,40
1935,20240311,M,25-34,Premium,5
1936,20250926,F,18-24,Premium,42
1937,20240109,F,25-34,Free,43
1938,20251023,F,35-44,Free,18
1939,20250425,F,35-44,Premium,53
1940,20240903,Unknown,18-24,Premium,29
1941,20240106,M,45-54,Free,41
1942,20250321,M,25-34,Free,11
1943,20240304,M,18-24,Premium,56
1944,20250320,F,18-24,Free,15
1945,20250718,F,45-54,Free,38
1946,20240714,F,25-34,Free,6
1947,20240623,M,25-34,Free,3
1948,20240611,M,18-24,Premium,8
1949,20240613,F,35-44,Free,57
1950,20240324,Unknown,45-54,Free,13
1951,20240701,M,25-34,Free,53
1952,20250426,M,55-64,Premium,35
1953,20240808,M,Under 18,Free,6
1954,20250724,M,18-24,Free,27
1955,20250821,M,35-44,Free,29
1956,20250709,M,35-44,Free,17
1957,20250128,F,18-24,Premium,37
1958,20240818,M,25-34,Premium,52
1959,20251109,M,25-34,Premium,54
1960,20240529,M,25-34,Free,32
1961,20241205,Other,35-44,Free,54
1962,20241127,M,65+,Premium,56
1963,20250628,M,25-34,Free,6
1964,20250203,M,35-44,Premium,39
1965,20250806,F,25-34,Free,47
1966,20251101,F,25-34,Free,1
1967,20241012,M,18-24,Free,37
1968,20250930,M,65+,Free,55
1969,20240503,M,18-24,Free,17
1970,20251030,F,45-54,Free,52
1971,20240509,Other,18-24,Free,57
1972,20250912,M,45-54,Free,39
1973,20241011,M,18-24,Premium,38
1974,20251205,F,65+,Free,33
1975,20240404,F,35-44,Premium,25
1976,20241205,M,18-24,Free,28
1977,20251020,M,35-44,Free,32
1978,20240204,M,35-44,Free,29
1979,20240712,F,25-34,Premium,50
1980,20240302,F,18-24,Free,47
1981,20240822,F,35-44,Premium,21
1982,20241011,F,35-44,Free,31
1983,20250327,M,25-34,Premium,13
1984,20240707,M,45-54,Premium,11
1985,20240425,M,18-24,Premium,23
1986,20240504,F,18-24,Free,4
1987,20251116,F,35-44,Premium,52
1988,20251126,M,18-24,Free,8
1989,20240610,M,18-24,Premium,20
1990,20240522,F,25-34,Free,16
1991,20240209,F,18-24,Free,13
1992,20251201,F,18-24,Free,23
1993,20250530,M,35-44,Premium,44
1994,20250709,Other,25-34,Free,54
1995,20240731,F,45-54,Free,12
1996,20250412,F,35-44,Free,15
1997,20240213,F,25-34,Premium,29
1998,20250508,Other,18-24,Free,20
1999,20250227,Other,45-54,Premium,48
2000,20240829,F,18-24,Free,14
2001,20250602,M,18-24,Premium,25
2002,20250416,M,45-54,Premium,33
2003,20241116,F,35-44,Premium,23
2004,20240516,F,35-44,Premium,38
2005,20240118,M,Under 18,Free,48
2006,20251115,M,18-24,Free,32
2007,20240724,Other,25-34,Premium,28
2008,20240808,F,35-44,Free,58
2009,20250512,Unknown,25-34,Free,59
2010,20240705,M,Under 18,Premium,60
2011,20241001,F,18-24,Free,1
2012,20250603,F,35-44,Free,51
2013,20250310,M,35-44,Premium,54
2014,20250424,M,Under 18,Free,49
2015,20240104,Unknown,Under 18,Free,45
2016,20241125,M,18-24,Free,22
2017,20241212,F,18-24,Free,44
2018,20250406,F,25-34,Premium,35
2019,20240420,F,18-24,Premium,50
2020,20240426,M,35-44,Free,22
2021,20250710,F,45-54,Free,45
2022,20250506,M,65+,Free,48
2023,20250815,F,55-64,Free,51
2024,20240716,M,18-24,Premium,11
2025,20251229,F,Under 18,Free,52
2026,20240718,F,25-34,Free,14
2027,20250420,M,35-44,Premium,57
2028,20240428,M,18-24,Premium,3
2029,20251101,F,25-34,Free,14
2030,20240830,M,18-24,Free,37
2031,20250808,M,18-24,Free,33
2032,20240829,F,35-44,Free,42
2033,20250731,Other,35-44,Free,25
2034,20241127,F,25-34,Premium,1
2035,20240215,M,55-64,Premium,38
2036,20240519,Unknown,18-24,Free,31
2037,20250513,F,18-24,Free,31
2038,20240520,M,25-34,Free,23
2039,20240719,M,35-44,Free,54
2040,20250130,M,35-44,Free,48
2041,20240703,M,18-24,Free,11
2042,20240404,F,55-64,Premium,3
2043,20250331,M,25-34,Premium,11
2044,20250517,F,25-34,Premium,3
2045,20250619,M,35-44,Free,43
2046,20251120,M,55-64,Free,38
2047,20240331,M,35-44,Free,28
2048,20241107,F,55-64,Free,36
2049,20240619,F,18-24,Free,49
2050,20251019,M,35-44,Premium,50
2051,20250129,M,45-54,Premium,27
2052,20240312,M,25-34,Free,36
2053,20250520,F,25-34,Free,35
2054,20240201,M,65+,Free,57
2055,20240719,F,18-24,Free,46
2056,20250610,M,25-34,Free,19
2057,20250104,M,45-54,Free,54
2058,20250709,F,55-64,Free,24
2059,20250220,F,65+,Premium,46
2060,20250907,M,55-64,Free,59
2061,20250214,Unknown,18-24,Free,49
2062,20240211,M,55-64,Free,7
2063,20240222,M,25-34,Premium,13
2064,20250721,M,35-44,Free,48
2065,20240129,F,25-34,Free,8
2066,20241001,F,45-54,Free,1
2067,20240112,M,25-34,Free,16
2068,20240809,Other,45-54,Free,30
2069,20250310,F,18-24,Free,8
2070,20240506,Unknown,18-24,Free,10
2071,20241206,F,25-34,Premium,21
2072,20251228,Other,Under 18,Free,36
2073,20240221,F,35-44,Free,33
2074,20240216,M,18-24,Free,48
2075,20240717,M,25-34,Free,59
2076,20250826,F,18-24,Free,2
2077,20241023,M,18-24,Free,42
2078,20250411,F,35-44,Free,10
2079,20240125,M,25-34,Premium,22
2080,20250620,F,18-24,Free,21
2081,20240219,M,18-24,Premium,43
2082,20250603,Unknown,18-24,Premium,16
2083,20240417,M,35-44,Free,54
2084,20250918,M,18-24,Free,23
2085,20240804,F,25-34,Free,49
2086,20240514,F,35-44,Premium,58
2087,20240902,F,25-34,Free,31
2088,20240101,Unknown,35-44,Free,7
2089,20240430,M,18-24,Free,43
2090,20250312,F,55-64,Premium,26
2091,20240807,M,25-34,Free,21
2092,20240915,F,18-24,Free,28
2093,20250812,M,55-64,Free,18
2094,20240331,M,35-44,Free,17
2095,20241016,F,35-44,Premium,60
2096,20240515,F,55-64,Premium,17
2097,20241218,M,18-24,Free,28
2098,20240830,Other,45-54,Free,43
2099,20240203,F,35-44,Premium,14
2100,20240221,M,25-34,Free,38
2101,20250914,F,18-24,Free,54
2102,20240211,M,18-24,Free,49
2103,20250725,M,55-64,Free,2
2104,20251030,F,18-24,Premium,25
2105,20241206,M,18-24,Premium,1
2106,20240815,M,35-44,Free,37
2107,20250720,F,35-44,Premium,20
2108,20251218,M,18-24,Free,54
2109,20240328,F,45-54,Premium,11
2110,20251204,F,25-34,Free,52
2111,20251119,M,45-54,Free,21
2112,20240414,F,18-24,Free,56
2113,20240209,M,Under 18,Free,12
2114,20250605,F,35-44,Free,17
2115,20240226,M,18-24,Free,22
2116,20250314,Unknown,25-34,Premium,60
2117,20240217,M,Under 18,Premium,45
2118,20250519,F,45-54,Free,49
2119,20240618,M,55-64,Free,34
2120,20240311,M,45-54,Free,48
2121,20240218,F,55-64,Free,38
2122,20240517,F,55-64,Free,41
2123,20250129,Unknown,25-34,Premium,51
2124,20240225,M,25-34,Premium,59
2125,20250808,M,55-64,Free,35
2126,20250317,M,55-64,Premium,27
2127,20240805,M,65+,Free,40
2128,20251221,F,45-54,Free,45
2129,20250425,Other,18-24,Free,60
2130,20250505,F,55-64,Free,42
2131,20240506,M,55-64,Free,58
2132,20250602,M,35-44,Premium,44
2133,20250212,F,45-54,Free,58
2134,20251219,M,25-34,Free,46
2135,20241214,F,55-64,Free,54
2136,20250509,M,18-24,Premium,12
2137,20240906,M,45-54,Free,60
2138,20240130,F,18-24,Premium,21
2139,20240403,M,25-34,Premium,48
2140,20250924,Unknown,18-24,Free,24
2141,20250622,M,25-34,Premium,28
2142,20240923,M,18-24,Premium,45
2143,20250524,M,55-64,Premium,33
2144,20240104,M,25-34,Free,43
2145,20240128,F,55-64,Free,5
2146,20250105,M,18-24,Free,51
2147,20250401,F,Under 18,Free,25
2148,20251115,F,45-54,Premium,48
2149,20250708,M,35-44,Premium,18
2150,20240706,M,25-34,Free,36
2151,20250818,M,45-54,Free,36
2152,20241224,F,45-54,Free,9
2153,20250826,F,35-44,Premium,29
2154,20240506,M,65+,Free,39
2155,20240120,F,35-44,Premium,51
2156,20240212,F,35-44,Free,54
2157,20251224,M,25-34,Free,24
2158,20240228,M,Under 18,Premium,39
2159,20251116,Unknown,18-24,Free,11
2160,20250614,M,45-54,Free,54
2161,20240416,M,35-44,Premium,53
2162,20250922,M,25-34,Free,60
2163,20240415,F,35-44,Premium,30
2164,20240414,M,18-24,Premium,22
2165,20250224,M,18-24,Premium,46
2166,20240729,M,55-64,Free,44
2167,20240731,F,25-34,Free,13
2168,20240522,M,18-24,Premium,33
2169,20250319,Other,25-34,Free,39
2170,20240120,M,25-34,Premium,28
2171,20240627,M,35-44,Premium,23
2172,20250208,Unknown,65+,Free,15
2173,20241221,F,35-44,Free,25
2174,20250525,M,35-44,Premium,15
2175,20240606,F,25-34,Free,19
2176,20250417,F,25-34,Free,12
2177,20250708,M,25-34,Premium,23
2178,20241010,F,Under 18,Free,38
2179,20240706,F,45-54,Free,23
2180,20250209,M,25-34,Premium,9
2181,20250226,F,25-34,Premium,49
2182,20240309,M,18-24,Free,26
2183,20250216,M,45-54,Premium,36
2184,20240422,Unknown,18-24,Premium,32
2185,20250219,F,25-34,Free,31
2186,20251111,F,45-54,Free,27
2187,20250127,F,25-34,Premium,46
2188,20250709,F,55-64,Free,52
2189,20240814,M,18-24,Premium,55
2190,20251104,Unknown,35-44,Free,27
2191,20250816,F,65+,Free,21
2192,20251031,F,25-34,Free,5
2193,20250625,F,35-44,Free,27
2194,20250419,M,25-34,Premium,60
2195,20250118,M,35-44,Free,16
2196,20251108,M,55-64,Premium,51
2197,20250911,M,35-44,Free,46
2198,20241031,F,55-64,Premium,40
2199,20240303,F,35-44,Premium,34
2200,20240103,M,25-34,Free,46
2201,20240619,M,25-34,Free,6
2202,20240215,F,35-44,Premium,8
2203,20240603,M,55-64,Premium,12
2204,20240320,Other,35-44,Free,46
2205,20251217,M,18-24,Free,26
2206,20240310,M,25-34,Premium,13
2207,20250402,M,35-44,Free,3
2208,20240913,Other,55-64,Free,30
2209,20240507,M,18-24,Free,24
2210,20250526,F,18-24,Free,11
2211,20251209,M,25-34,Premium,2
2212,20250731,M,18-24,Free,46
2213,20251212,F,65+,Premium,47
2214,20250306,M,25-34,Free,15
2215,20250506,M,25-34,Free,30
2216,20240416,F,18-24,Free,16
2217,20250914,F,25-34,Free,25
2218,20250629,M,65+,Premium,7
2219,20240704,M,25-34,Premium,57
2220,20240916,Unknown,Under 18,Premium,44
2221,20250321,F,18-24,Free,55
2222,20240110,F,65+,Free,18
2223,20250820,F,65+,Free,53
2224,20240723,F,18-24,Premium,32
2225,20240224,M,35-44,Free,12
2226,20240829,M,18-24,Free,20
2227,20250902,F,25-34,Free,49
2228,20240719,F,18-24,Free,47
2229,20250128,Unknown,45-54,Premium,44
2230,20250815,F,55-64,Free,14
2231,20240125,M,18-24,Premium,39
2232,20250708,F,25-34,Free,57
2233,20240729,F,18-24,Free,3
2234,20250522,M,25-34,Free,20
2235,20240517,F,18-24,Premium,5
2236,20240411,F,18-24,Free,7
2237,20250729,M,65+,Free,60
2238,20250812,F,Under 18,Premium,15
2239,20251217,F,45-54,Free,11
2240,20250509,Other,18-24,Free,5
2241,20241206,M,25-34,Free,59
2242,20240522,F,25-34,Free,29
2243,20240803,F,55-64,Premium,48
2244,20250418,F,18-24,Premium,16
2245,20240909,M,18-24,Premium,39
2246,20241218,F,35-44,Premium,54
2247,20240502,Other,35-44,Premium,41
2248,20241116,F,35-44,Free,32
2249,20240622,F,Under 18,Free,13
2250,20240322,M,18-24,Free,15
2251,20240406,F,45-54,Premium,36
2252,20250113,M,35-44,Premium,28
2253,20240924,F,35-44,Premium,3
2254,20240313,M,18-24,Free,12
2255,20250110,F,18-24,Free,26
2256,20240429,M,55-64,Premium,11
2257,20240112,F,35-44,Free,34
2258,20240406,F,18-24,Free,19
2259,20241123,M,55-64,Free,18
2260,20251127,M,35-44,Free,7
2261,20240625,F,25-34,Premium,31
2262,20240726,F,25-34,Premium,12
2263,20240626,M,35-44,Premium,38
2264,20240916,M,25-34,Free,57
2265,20250607,M,25-34,Free,55
2266,20240823,F,35-44,Premium,41
2267,20250425,F,18-24,Free,49
2268,20251017,M,55-64,Free,56
2269,20251121,F,25-34,Premium,41
2270,20250214,F,25-34,Free,16
2271,20250604,F,35-44,Free,31
2272,20251101,M,35-44,Premium,52
2273,20250728,M,25-34,Free,41
2274,20240806,M,35-44,Free,22
2275,20240406,M,55-64,Free,11
2276,20240324,M,45-54,Premium,9
2277,20251005,M,45-54,Free,23
2278,20250210,M,18-24,Free,49
2279,20240804,F,25-34,Free,34
2280,20240909,M,25-34,Premium,4
2281,20240724,F,Under 18,Premium,56
2282,20250808,M,45-54,Free,25
2283,20250323,F,25-34,Free,24
2284,20251003,M,18-24,Premium,50
2285,20240808,F,18-24,Premium,23
2286,20241210,F,18-24,Premium,38
2287,20240329,M,25-34,Premium,56
2288,20251210,F,35-44,Free,32
2289,20250108,M,35-44,Free,37
2290,20250207,F,18-24,Free,22
2291,20241028,M,18-24,Premium,54
2292,20240716,M,45-54,Free,5
2293,20251123,M,18-24,Free,17
2294,20241222,F,25-34,Premium,60
2295,20250507,M,25-34,Free,30
2296,20240128,F,25-34,Premium,11
2297,20240720,M,55-64,Free,25
2298,20250809,M,35-44,Free,16
2299,20240305,M,65+,Free,32
2300,20240315,Other,45-54,Premium,15
2301,20250814,F,18-24,Premium,24
2302,20240813,M,18-24,Free,55
2303,20240718,F,25-34,Free,5
2304,20250216,M,25-34,Free,46
2305,20240522,M,25-34,Premium,5
2306,20240201,F,18-24,Premium,28
2307,20240104,M,18-24,Premium,41
2308,20240227,M,25-34,Free,58
2309,20240425,F,35-44,Free,16
2310,20250523,M,35-44,Free,4
2311,20240805,F,65+,Free,46
2312,20240222,F,18-24,Free,54
2313,20240111,F,25-34,Free,34
2314,20241214,F,65+,Free,4
2315,20250905,F,35-44,Premium,31
2316,20240904,M,35-44,Free,24
2317,20240216,F,25-34,Premium,28
2318,20240615,F,18-24,Premium,4
2319,20241230,Other,55-64,Free,20
2320,20240517,M,35-44,Free,60
2321,20251215,F,25-34,Premium,3
2322,20250711,F,25-34,Free,55
2323,20240908,M,25-34,Free,32
2324,20251125,F,18-24,Free,36
2325,20240825,M,35-44,Premium,57
2326,20240412,M,25-34,Premium,14
2327,20251115,F,Under 18,Premium,60
2328,20251201,M,25-34,Premium,17
2329,20240816,M,55-64,Free,21
2330,20250310,M,25-34,Premium,27
2331,20240506,M,25-34,Premium,37
2332,20250413,F,35-44,Free,20
2333,20250518,F,45-54,Premium,48
2334,20250602,F,35-44,Premium,2
2335,20250219,M,45-54,Free,40
2336,20250529,F,18-24,Free,40
2337,20250209,F,55-64,Free,33
2338,20250821,F,55-64,Premium,37
2339,20240511,M,25-34,Free,45
2340,20241218,M,35-44,Free,55
2341,20241030,Other,18-24,Free,14
2342,20250124,F,25-34,Premium,29
2343,20240413,M,18-24,Premium,34
2344,20240824,F,Under 18,Premium,21
2345,20251127,M,65+,Free,59
2346,20240317,M,18-24,Free,31
2347,20250408,F,35-44,Premium,36
2348,20250430,F,25-34,Free,12
2349,20241212,M,25-34,Free,25
2350,20240125,Other,25-34,Premium,38
2351,20240126,F,25-34,Free,26
2352,20240720,M,35-44,Free,47
2353,20240315,F,65+,Premium,9
2354,20240309,F,25-34,Premium,10
2355,20240426,F,65+,Free,21
2356,20240519,Unknown,35-44,Free,20
2357,20250904,F,35-44,Free,49
2358,20250411,M,18-24,Free,53
2359,20240123,M,18-24,Free,29
2360,20250403,F,45-54,Free,31
2361,20240409,Unknown,25-34,Premium,18
2362,20241103,M,25-34,Free,32
2363,20240128,M,45-54,Free,43
2364,20240306,F,25-34,Free,44
2365,20240406,M,45-54,Free,59
2366,20241112,M,25-34,Free,35
2367,20241204,F,55-64,Free,21
2368,20240914,F,18-24,Premium,5
2369,20250328,F,18-24,Premium,42
2370,20250609,F,35-44,Premium,49
2371,20250615,M,18-24,Free,34
2372,20250226,Other,55-64,Premium,56
2373,20250202,M,35-44,Premium,20
2374,20241224,M,18-24,Free,4
2375,20240622,F,18-24,Free,38
2376,20241221,F,55-64,Premium,8
2377,20240108,F,35-44,Premium,6
2378,20251206,M,55-64,Free,43
2379,20240927,Unknown,18-24,Free,27
2380,20250706,F,55-64,Free,37
2381,20251129,F,25-34,Free,45
2382,20241228,Other,35-44,Premium,23
2383,20250921,M,25-34,Free,37
2384,20241215,F,18-24,Premium,33
2385,20240406,F,55-64,Premium,35
2386,20240120,F,65+,Free,43
2387,20240409,F,25-34,Premium,23
2388,20251119,F,55-64,Premium,31
2389,20241212,M,18-24,Free,36
2390,20240820,M,18-24,Free,9
2391,20241121,Unknown,18-24,Premium,13
2392,20240705,Unknown,25-34,Free,6
2393,20250927,Unknown,18-24,Free,12
2394,20251230,M,25-34,Free,27
2395,20240302,M,18-24,Free,57
2396,20250608,F,35-44,Premium,56
2397,20240901,F,45-54,Free,46
2398,20240204,M,35-44,Free,34
2399,20251104,F,18-24,Free,13
2400,20240215,M,45-54,Premium,22
2401,20240530,F,18-24,Free,46
2402,20240119,M,35-44,Premium,55
2403,20241210,M,25-34,Premium,58
2404,20250313,M,25-34,Free,24
2405,20240822,Other,18-24,Premium,30
2406,20240222,F,45-54,Free,31
2407,20240325,Other,55-64,Premium,4
2408,20251112,F,35-44,Free,7
2409,20250811,M,65+,Free,3
2410,20251114,M,55-64,Free,45
2411,20250122,F,18-24,Free,14
2412,20250202,M,35-44,Premium,43
2413,20250727,F,25-34,Premium,23
2414,20250326,F,25-34,Free,48
2415,20241114,F,18-24,Free,7
2416,20240801,M,65+,Free,20
2417,20241220,F,35-44,Free,13
2418,20240216,M,18-24,Free,27
2419,20240520,M,25-34,Free,34
2420,20250622,F,25-34,Premium,11
2421,20250925,F,35-44,Free,41
2422,20240315,F,55-64,Premium,58
2423,20240311,M,25-34,Free,3
2424,20240303,Unknown,25-34,Free,6
2425,20250731,Unknown,35-44,Free,58
2426,20240815,F,25-34,Free,39
2427,20240826,F,25-34,Free,56
2428,20240110,M,18-24,Premium,43
2429,20251210,F,18-24,Premium,44
2430,20241112,F,25-34,Premium,10
2431,20250805,F,55-64,Free,31
2432,20250531,F,25-34,Free,22
2433,20240413,F,18-24,Free,51
2434,20250807,F,35-44,Premium,3
2435,20250205,F,55-64,Premium,2
2436,20250317,M,25-34,Free,34
2437,20240526,M,Under 18,Premium,59
2438,20250910,F,35-44,Free,60
2439,20251111,F,25-34,Free,36
2440,20241023,F,35-44,Free,26
2441,20240308,Other,18-24,Free,17
2442,20250911,F,Under 18,Premium,60
2443,20251009,M,25-34,Premium,11
2444,20250104,M,35-44,Free,8
2445,20250226,F,25-34,Free,31
2446,20240611,F,18-24,Free,24
2447,20240219,F,25-34,Free,30
2448,20251120,F,35-44,Free,55
2449,20241218,F,18-24,Free,17
2450,20240719,F,35-44,Free,53
2451,20250521,F,35-44,Free,13
2452,20240120,M,25-34,Free,20
2453,20240228,F,65+,Premium,1
2454,20240626,F,55-64,Free,41
2455,20241124,M,25-34,Free,52
2456,20240924,F,Under 18,Free,54
2457,20240516,F,25-34,Premium,11
2458,20240913,F,18-24,Free,47
2459,20240831,F,25-34,Free,9
2460,20250118,M,55-64,Premium,38
2461,20250214,M,45-54,Premium,43
2462,20251006,M,25-34,Free,10
2463,20250811,M,25-34,Free,7
2464,20240801,F,Under 18,Premium,5
2465,20251020,F,25-34,Free,43
2466,20250115,F,18-24,Free,37
2467,20240517,M,55-64,Free,8
2468,20240905,M,45-54,Free,31
2469,20250625,M,18-24,Free,48
2470,20250822,F,35-44,Premium,15
2471,20240930,M,25-34,Free,37
2472,20240425,F,45-54,Free,18
2473,20240520,F,25-34,Free,16
2474,20240316,F,18-24,Premium,24
2475,20250525,M,35-44,Free,22
2476,20250102,M,18-24,Free,30
2477,20241125,F,35-44,Premium,13
2478,20250505,F,18-24,Free,24
2479,20250827,M,35-44,Free,38
2480,20250803,F,45-54,Free,24
2481,20240410,F,18-24,Premium,40
2482,20250306,F,25-34,Free,7
2483,20251006,M,35-44,Premium,9
2484,20250718,M,18-24,Premium,52
2485,20240828,M,25-34,Free,28
2486,20241013,M,35-44,Free,37
2487,20251011,F,25-34,Premium,45
2488,20240124,F,45-54,Free,9
2489,20250118,F,25-34,Premium,59
2490,20240325,Unknown,35-44,Premium,26
2491,20251015,M,18-24,Free,54
2492,20240129,M,Under 18,Premium,26
2493,20240118,F,18-24,Free,25
2494,20240828,Unknown,55-64,Free,37
2495,20240526,F,55-64,Free,12
2496,20241227,M,45-54,Free,37
2497,20240806,M,18-24,Premium,59
2498,20240917,M,25-34,Premium,39
2499,20250216,F,45-54,Free,5
2500,20250213,F,35-44,Free,42
